WorkerThreadPool: 8 threads, 2 max low-priority.
Godot Engine v4.7.2.stable.official.ed1daf0bf - https://godotengine.org
TextServer: Added interface "Dummy"
TextServer: Added interface "ICU / HarfBuzz / Graphite (Built-in)"
SDL: Init OK!
Accessibility: AccessKit driver loaded.
Accessibility: window 0 adapter created.
Devices:
  #0: Apple Apple M2 (Apple8) - Supported, Integrated
- Metal multiview supported:
  max view count: 16
  max instances: 4294967295
Metal 4.0 - Forward+ - Using Device #0: Apple - Apple M2 (Apple8)
Using "default" pen tablet driver...
Shader 'CanvasSdfShaderRD' (group 0) SHA256: a4f6d732dba9a4cc0c37a1ca52936369e2ee148e9d03efe1b81bfed822adb1eb
Loading cache for shader CanvasSdfShaderRD, variant 0
Loading cache for shader CanvasSdfShaderRD, variant 1
Loading cache for shader CanvasSdfShaderRD, variant 2
Loading cache for shader CanvasSdfShaderRD, variant 3
Loading cache for shader CanvasSdfShaderRD, variant 4
Loading cache for shader CanvasSdfShaderRD, variant 5
Shader 'SkeletonShaderRD' (group 0) SHA256: e6bc641e2a094416c99b1294ac5e453c55d24e0b62c1da47c8f7f93ae7877bfa
Loading cache for shader SkeletonShaderRD, variant 0
Loading cache for shader SkeletonShaderRD, variant 1
Shader 'SortShaderRD' (group 0) SHA256: d8d77897b86870d358bf870233e14233981c2db9ff06641cd8f405379ac8872f
Loading cache for shader SortShaderRD, variant 0
Loading cache for shader SortShaderRD, variant 1
Loading cache for shader SortShaderRD, variant 2
Shader 'ParticlesShaderRD' (group 0) SHA256: f645828ab356b17f1478c77373935ecd2417e1c227a96b62417396293d13970e
Loading cache for shader ParticlesShaderRD, variant 0
Shader 'ParticlesCopyShaderRD' (group 0) SHA256: ce2b95c8a6b9e21f14c989c3ca095de77d9bb5e86213ae4180fb97cbd2c02a10
Loading cache for shader ParticlesCopyShaderRD, variant 0
Loading cache for shader ParticlesCopyShaderRD, variant 1
Loading cache for shader ParticlesCopyShaderRD, variant 2
Loading cache for shader ParticlesCopyShaderRD, variant 3
Loading cache for shader ParticlesCopyShaderRD, variant 4
Loading cache for shader ParticlesCopyShaderRD, variant 5
Loading cache for shader ParticlesCopyShaderRD, variant 6
Loading cache for shader ParticlesCopyShaderRD, variant 7
Loading cache for shader ParticlesCopyShaderRD, variant 8
Loading cache for shader ParticlesCopyShaderRD, variant 9
Loading cache for shader ParticlesCopyShaderRD, variant 10
Loading cache for shader ParticlesCopyShaderRD, variant 11
Loading cache for shader ParticlesCopyShaderRD, variant 12
Loading cache for shader ParticlesCopyShaderRD, variant 13
Loading cache for shader ParticlesCopyShaderRD, variant 14
Loading cache for shader ParticlesCopyShaderRD, variant 15
Loading cache for shader ParticlesCopyShaderRD, variant 16
Loading cache for shader ParticlesCopyShaderRD, variant 17
Loading cache for shader ParticlesCopyShaderRD, variant 18
Loading cache for shader ParticlesCopyShaderRD, variant 19
Loading cache for shader ParticlesCopyShaderRD, variant 20
Shader 'CanvasShaderRD' (group 0) SHA256: 5454ca85157b6953b76bf324ebe90594c466e36301bf1b3e6adcce117d705c79
Loading cache for shader CanvasShaderRD, variant 0
Loading cache for shader CanvasShaderRD, variant 1
Loading cache for shader CanvasShaderRD, variant 2
Loading cache for shader CanvasShaderRD, variant 3
Loading cache for shader CanvasShaderRD, variant 4
Loading cache for shader CanvasShaderRD, variant 5
Shader 'CanvasOcclusionShaderRD' (group 0) SHA256: 606df5c981910bc4bc719cf497719273e80d1f314f65e68820bf8e2111368cdb
Loading cache for shader CanvasOcclusionShaderRD, variant 0
Loading cache for shader CanvasOcclusionShaderRD, variant 1
Loading cache for shader CanvasOcclusionShaderRD, variant 2
Loading cache for shader CanvasShaderRD, variant 0
Loading cache for shader CanvasShaderRD, variant 1
Loading cache for shader CanvasShaderRD, variant 2
Loading cache for shader CanvasShaderRD, variant 3
Loading cache for shader CanvasShaderRD, variant 4
Loading cache for shader CanvasShaderRD, variant 5
Loading cache for shader CanvasShaderRD, variant 0
Loading cache for shader CanvasShaderRD, variant 1
Loading cache for shader CanvasShaderRD, variant 2
Loading cache for shader CanvasShaderRD, variant 3
Loading cache for shader CanvasShaderRD, variant 4
Loading cache for shader CanvasShaderRD, variant 5
Shader 'TexBlitShaderRD' (group 0) SHA256: fd9c885eab1da0d330a04ebfd7796019cde57f82208202f3bfc96cae74155212
Loading cache for shader TexBlitShaderRD, variant 0
Loading cache for shader TexBlitShaderRD, variant 1
Loading cache for shader TexBlitShaderRD, variant 2
Loading cache for shader TexBlitShaderRD, variant 3
Shader 'ClusterRenderShaderRD' (group 0) SHA256: 092c9f39b8c42523662d45db394a8d4f7f068d617876866d55d9fd69e5afb357
Loading cache for shader ClusterRenderShaderRD, variant 0
Loading cache for shader ClusterRenderShaderRD, variant 1
Shader 'ClusterStoreShaderRD' (group 0) SHA256: 77e74456f71eccced2f4bd06086f33d4ae56a013ce717690f960759226272eb4
Loading cache for shader ClusterStoreShaderRD, variant 0
Shader 'ClusterDebugShaderRD' (group 0) SHA256: 25eb5280da03a5dfefcf122ab21c9f6184c2a0d8edfb398d0b9e784c99ede8d6
Loading cache for shader ClusterDebugShaderRD, variant 0
Shader 'SceneForwardClusteredShaderRD' (group 0) SHA256: cdfe2a8d86deff48154b1cd0d6e857301f5e37f0d8930754f63ff9c2c85045a6
Shader 'SceneForwardClusteredShaderRD' (group 1) SHA256: 073f74b951c9d31091a21a83f7ed2a449ca9faa4f0b5a7052db58dd352175ef7
Shader 'SceneForwardClusteredShaderRD' (group 2) SHA256: 0e2560bbe3adf526b738f6b3c67897e10ea21a0e17c56f7a5ecbf6797f8e6991
Shader 'SceneForwardClusteredShaderRD' (group 3) SHA256: 6cb1159e6a2acf7ea3d926a7f1b088c77adebfa34de42d2b2b3c59641632a4d3
Loading cache for shader SceneForwardClusteredShaderRD, variant 0
Loading cache for shader SceneForwardClusteredShaderRD, variant 1
Loading cache for shader SceneForwardClusteredShaderRD, variant 2
Loading cache for shader SceneForwardClusteredShaderRD, variant 3
Loading cache for shader SceneForwardClusteredShaderRD, variant 4
Loading cache for shader SceneForwardClusteredShaderRD, variant 5
Loading cache for shader SceneForwardClusteredShaderRD, variant 6
Loading cache for shader SceneForwardClusteredShaderRD, variant 7
Loading cache for shader SceneForwardClusteredShaderRD, variant 0
Loading cache for shader SceneForwardClusteredShaderRD, variant 1
Loading cache for shader SceneForwardClusteredShaderRD, variant 2
Loading cache for shader SceneForwardClusteredShaderRD, variant 3
Loading cache for shader SceneForwardClusteredShaderRD, variant 4
Loading cache for shader SceneForwardClusteredShaderRD, variant 5
Loading cache for shader SceneForwardClusteredShaderRD, variant 6
Loading cache for shader SceneForwardClusteredShaderRD, variant 7
Loading cache for shader SceneForwardClusteredShaderRD, variant 0
Loading cache for shader SceneForwardClusteredShaderRD, variant 1
Loading cache for shader SceneForwardClusteredShaderRD, variant 2
Loading cache for shader SceneForwardClusteredShaderRD, variant 3
Loading cache for shader SceneForwardClusteredShaderRD, variant 4
Loading cache for shader SceneForwardClusteredShaderRD, variant 5
Loading cache for shader SceneForwardClusteredShaderRD, variant 6
Loading cache for shader SceneForwardClusteredShaderRD, variant 7
Shader 'BestFitNormalShaderRD' (group 0) SHA256: c4b1d2e5a1d6f84559f49734aae94706b402e2be89eae7753b8b413800d96d42
Loading cache for shader BestFitNormalShaderRD, variant 0
Shader 'IntegrateDfgShaderRD' (group 0) SHA256: 4d699e26d43b88b86cb33c2b829767ea8e935055bb48dea880f66eb29760577a
Loading cache for shader IntegrateDfgShaderRD, variant 0
Shader 'TaaResolveShaderRD' (group 0) SHA256: a1ca2d745847530de0720910ad5bfa2466e0ab33647b7a631f2900d7b4617a60
Loading cache for shader TaaResolveShaderRD, variant 0
Shader 'Fsr2DepthClipPassShaderRD' (group 0) SHA256: 4a735c315dc3644fbdbbe70afdfe9bce327e4a10441982ebb38e87c22d502c41
Shader 'Fsr2ReconstructPreviousDepthPassShaderRD' (group 0) SHA256: c41c89f4fe2f3dc313a48a2ae22a3c88e6ce5e90f5f660b5484d53a3360ab28d
Shader 'Fsr2LockPassShaderRD' (group 0) SHA256: ba10724396561abfafe1196b0531eeb403087c1e05c5656de71d642bab4d8d3b
Shader 'Fsr2AccumulatePassShaderRD' (group 0) SHA256: cb0552a6babfc28ea4bdf33f963848da4261ac9b71b063ca392b2e970b4e0680
Shader 'Fsr2RcasPassShaderRD' (group 0) SHA256: f03d67b5589dcb7ff3abc9fb2a85d5345f179d8e38be7157a9ea142344aa89b1
Shader 'Fsr2ComputeLuminancePyramidPassShaderRD' (group 0) SHA256: 57b9d245efe60faebf93a8eee4616627480b31f632f2022b12f9fa7b9cf988af
Shader 'Fsr2AutogenReactivePassShaderRD' (group 0) SHA256: 5aebe0a8d7f2d8328a9a028998145d3b09c1e863870f7b14623d7b876278e897
Shader 'Fsr2TcrAutogenPassShaderRD' (group 0) SHA256: 5e552f2c8d02cc61ac623cb99ef41218c906a66d96895d32e0e33d953ec53436
Shader 'SsEffectsDownsampleShaderRD' (group 0) SHA256: d2ccd37f99a0b00eca4ba6f53cddf8d03f02119a69a0b02dc777026129561703
Loading cache for shader SsEffectsDownsampleShaderRD, variant 0
Loading cache for shader SsEffectsDownsampleShaderRD, variant 1
Loading cache for shader SsEffectsDownsampleShaderRD, variant 2
Loading cache for shader SsEffectsDownsampleShaderRD, variant 3
Loading cache for shader SsEffectsDownsampleShaderRD, variant 4
Loading cache for shader SsEffectsDownsampleShaderRD, variant 5
Loading cache for shader SsEffectsDownsampleShaderRD, variant 6
Shader 'SsilShaderRD' (group 0) SHA256: 17c51ec55574b54c0834b41688f478d19599eb3f90a1230981e06d74d89473e1
Loading cache for shader SsilShaderRD, variant 0
Loading cache for shader SsilShaderRD, variant 1
Loading cache for shader SsilShaderRD, variant 2
Shader 'SsilImportanceMapShaderRD' (group 0) SHA256: bf370911d6b5be81e5fbf6014d236deb74697ee1b3e2eeb870f5140913d9bee6
Loading cache for shader SsilImportanceMapShaderRD, variant 0
Loading cache for shader SsilImportanceMapShaderRD, variant 1
Loading cache for shader SsilImportanceMapShaderRD, variant 2
Shader 'SsilBlurShaderRD' (group 0) SHA256: 4f0d60ba5581090f5efc9941b040e46832bf6864d77d52e8631cea227b5d8279
Loading cache for shader SsilBlurShaderRD, variant 0
Loading cache for shader SsilBlurShaderRD, variant 1
Loading cache for shader SsilBlurShaderRD, variant 2
Shader 'SsilInterleaveShaderRD' (group 0) SHA256: 0f78dde6bc33a0264706f9a466ae77f41b24641381aa171c2b1ee40923f6547c
Loading cache for shader SsilInterleaveShaderRD, variant 0
Loading cache for shader SsilInterleaveShaderRD, variant 1
Loading cache for shader SsilInterleaveShaderRD, variant 2
Shader 'SsaoShaderRD' (group 0) SHA256: 40091d5cef6924b0632dfb92dbf5a6c61f97edd6dd653d20e2c7662009912eed
Loading cache for shader SsaoShaderRD, variant 0
Loading cache for shader SsaoShaderRD, variant 1
Loading cache for shader SsaoShaderRD, variant 2
Shader 'SsaoImportanceMapShaderRD' (group 0) SHA256: 72382d26e5b22e99ee9ed29670565e78ff7ee01c960072119a5be86db2ee0fc8
Loading cache for shader SsaoImportanceMapShaderRD, variant 0
Loading cache for shader SsaoImportanceMapShaderRD, variant 1
Loading cache for shader SsaoImportanceMapShaderRD, variant 2
Shader 'SsaoBlurShaderRD' (group 0) SHA256: 379e714dbee2f412e6657f0557a56dd9f4a00c93ed1aef7af78b047b59ef4bcb
Loading cache for shader SsaoBlurShaderRD, variant 0
Loading cache for shader SsaoBlurShaderRD, variant 1
Loading cache for shader SsaoBlurShaderRD, variant 2
Shader 'SsaoInterleaveShaderRD' (group 0) SHA256: cb27e637ffea15e2c6c4ae1b2c90deac962dae9481ef866601d8ecb863d6a9b6
Loading cache for shader SsaoInterleaveShaderRD, variant 0
Loading cache for shader SsaoInterleaveShaderRD, variant 1
Loading cache for shader SsaoInterleaveShaderRD, variant 2
Shader 'ScreenSpaceReflectionDownsampleShaderRD' (group 0) SHA256: f6b46656954490c0153a8a5200455cc0834ec5881821ec7bf328b4c688fc4f6f
Loading cache for shader ScreenSpaceReflectionDownsampleShaderRD, variant 0
Loading cache for shader ScreenSpaceReflectionDownsampleShaderRD, variant 1
Loading cache for shader ScreenSpaceReflectionDownsampleShaderRD, variant 2
Loading cache for shader ScreenSpaceReflectionDownsampleShaderRD, variant 3
Shader 'ScreenSpaceReflectionHizShaderRD' (group 0) SHA256: 4c407c9b5cd4f954c012a0de78629e18a5e9268536eb1d78853c8a247ef0a772
Loading cache for shader ScreenSpaceReflectionHizShaderRD, variant 0
Loading cache for shader ScreenSpaceReflectionHizShaderRD, variant 1
Loading cache for shader ScreenSpaceReflectionHizShaderRD, variant 2
Loading cache for shader ScreenSpaceReflectionHizShaderRD, variant 3
Shader 'ScreenSpaceReflectionShaderRD' (group 0) SHA256: a2d0cb08973e8562ed3b82d74b6f0f1ecf1dbd2ac788049eaa06925ad6c28bed
Loading cache for shader ScreenSpaceReflectionShaderRD, variant 0
Shader 'ScreenSpaceReflectionFilterShaderRD' (group 0) SHA256: fda60a18cb83e7ff26ce7ee2f43dce1d37326b2767d06922b0e5f9356abd1a1e
Loading cache for shader ScreenSpaceReflectionFilterShaderRD, variant 0
Shader 'ScreenSpaceReflectionResolveShaderRD' (group 0) SHA256: b29422945b4d1600883d0fcf89124633e34efb678505e5bcb9fdb6623fbfb8d4
Loading cache for shader ScreenSpaceReflectionResolveShaderRD, variant 0
Shader 'SubsurfaceScatteringShaderRD' (group 0) SHA256: 4870fb4fc36514a7031473d566046fc2841628db992f9421056a8dfbc0830d97
Loading cache for shader SubsurfaceScatteringShaderRD, variant 0
Loading cache for shader SubsurfaceScatteringShaderRD, variant 1
Loading cache for shader SubsurfaceScatteringShaderRD, variant 2
Shader 'MotionVectorsStoreShaderRD' (group 0) SHA256: f9575a30d9fd7eed47522e12f8a7860cc9417f478037c138895aeb3bbd4c585f
Loading cache for shader MotionVectorsStoreShaderRD, variant 0
Shader 'SkyShaderRD' (group 0) SHA256: 25c4162ba5ed1f15e722f73bf07201837a6ae7b301288dd32ff9f71634118d9c
Loading cache for shader SkyShaderRD, variant 0
Loading cache for shader SkyShaderRD, variant 1
Loading cache for shader SkyShaderRD, variant 2
Loading cache for shader SkyShaderRD, variant 3
Loading cache for shader SkyShaderRD, variant 4
Loading cache for shader SkyShaderRD, variant 5
Loading cache for shader SkyShaderRD, variant 0
Loading cache for shader SkyShaderRD, variant 1
Loading cache for shader SkyShaderRD, variant 2
Loading cache for shader SkyShaderRD, variant 3
Loading cache for shader SkyShaderRD, variant 4
Loading cache for shader SkyShaderRD, variant 5
Shader 'VoxelGiShaderRD' (group 0) SHA256: cf478b2dd85c8c4b0519274ac94659b26ee34e27a1714122915056a7010b4b7c
Loading cache for shader VoxelGiShaderRD, variant 0
Loading cache for shader VoxelGiShaderRD, variant 1
Loading cache for shader VoxelGiShaderRD, variant 2
Loading cache for shader VoxelGiShaderRD, variant 3
Loading cache for shader VoxelGiShaderRD, variant 4
Loading cache for shader VoxelGiShaderRD, variant 5
Loading cache for shader VoxelGiShaderRD, variant 6
Loading cache for shader VoxelGiShaderRD, variant 7
Shader 'VoxelGiDebugShaderRD' (group 0) SHA256: e7afc074bea566006e261dd7312ae8e5c1a6a22e1eab6aa29b590ca925df679b
Loading cache for shader VoxelGiDebugShaderRD, variant 0
Loading cache for shader VoxelGiDebugShaderRD, variant 1
Loading cache for shader VoxelGiDebugShaderRD, variant 2
Loading cache for shader VoxelGiDebugShaderRD, variant 3
Shader 'SdfgiPreprocessShaderRD' (group 0) SHA256: 548b5bca0563ad9662e1e9577ac4921dfc156154487ba331733b0283ce26fcb9
Loading cache for shader SdfgiPreprocessShaderRD, variant 0
Loading cache for shader SdfgiPreprocessShaderRD, variant 1
Loading cache for shader SdfgiPreprocessShaderRD, variant 2
Loading cache for shader SdfgiPreprocessShaderRD, variant 3
Loading cache for shader SdfgiPreprocessShaderRD, variant 4
Loading cache for shader SdfgiPreprocessShaderRD, variant 5
Loading cache for shader SdfgiPreprocessShaderRD, variant 6
Loading cache for shader SdfgiPreprocessShaderRD, variant 7
Loading cache for shader SdfgiPreprocessShaderRD, variant 8
Shader 'SdfgiDirectLightShaderRD' (group 0) SHA256: 59245d18d90efd79551ef5eda25bbda9867cb893341a1d23b0f75db5d4490716
Loading cache for shader SdfgiDirectLightShaderRD, variant 0
Loading cache for shader SdfgiDirectLightShaderRD, variant 1
Shader 'SdfgiIntegrateShaderRD' (group 0) SHA256: f20a6d93247c8e2db82979d4e6477fa070ed91e03db2b1320e32dffabdb4ff23
Loading cache for shader SdfgiIntegrateShaderRD, variant 0
Loading cache for shader SdfgiIntegrateShaderRD, variant 1
Loading cache for shader SdfgiIntegrateShaderRD, variant 2
Loading cache for shader SdfgiIntegrateShaderRD, variant 3
Shader 'GiShaderRD' (group 0) SHA256: 3fa2391092c717dea4bdf7f4f65ccf42ffd4018c158c431a4e234d9fa17737a6
Shader 'GiShaderRD' (group 1) SHA256: 87dc8f2e3eb0653ed625d759392e8a08fcd79fe90d61dcc8f6ce34a8cfe35f7f
Loading cache for shader GiShaderRD, variant 0
Loading cache for shader GiShaderRD, variant 1
Loading cache for shader GiShaderRD, variant 2
Loading cache for shader GiShaderRD, variant 3
Loading cache for shader GiShaderRD, variant 4
Shader 'SdfgiDebugShaderRD' (group 0) SHA256: 365142e07e83cbbda433d4ed971a1c8413d3a400e8646e2ed2a0f7dda127068a
Loading cache for shader SdfgiDebugShaderRD, variant 0
Shader 'SdfgiDebugProbesShaderRD' (group 0) SHA256: 05e9a03efe957bf14f0a60730a97ab25e037f5a3f347b3427feb9723fd82fb1c
Loading cache for shader SdfgiDebugProbesShaderRD, variant 0
Loading cache for shader SdfgiDebugProbesShaderRD, variant 1
Loading cache for shader SdfgiDebugProbesShaderRD, variant 2
Loading cache for shader SdfgiDebugProbesShaderRD, variant 3
Shader 'VolumetricFogShaderRD' (group 0) SHA256: 69e78fd970058cf62da4f8df24a6d7f3acd2d0effbade0dc171226be830ee241
Shader 'VolumetricFogShaderRD' (group 1) SHA256: fa6cfa14ca66356dd4818ce06073abdefc4058f2531727ea90fe9ea340cc66e5
Shader 'VolumetricFogShaderRD' (group 2) SHA256: 8454dc7c2a5c9574b6123e01388a4c83969bb236ab7422fd0eb06b91dd9f7449
Shader 'VolumetricFogShaderRD' (group 3) SHA256: d5ef183ef6e53033bfb50eb7047a431514f4d6533e95530b67e06839ff9676a1
Loading cache for shader VolumetricFogShaderRD, variant 0
Shader 'VolumetricFogProcessShaderRD' (group 0) SHA256: ee9496dfb3b0e489158503ab6e3539129bf5f78706cdb7c9ed4d8701f17f14ec
Shader 'VolumetricFogProcessShaderRD' (group 1) SHA256: 9828e14ae2e94efc4823f8b077ba661a03ef3ba9726264ff7e359144a9b1214b
Shader 'VolumetricFogProcessShaderRD' (group 2) SHA256: 7ac17802c709a8ec8fb2d47fade023ddd95a3c675451c8e53ce81469b4ce8b5d
Shader 'VolumetricFogProcessShaderRD' (group 3) SHA256: c75a607ad6ee761bd49d7318ec8f4a39798fcc3822b7360641394f5dc36f0c2a
Loading cache for shader VolumetricFogProcessShaderRD, variant 0
Loading cache for shader VolumetricFogProcessShaderRD, variant 1
Loading cache for shader VolumetricFogProcessShaderRD, variant 2
Loading cache for shader VolumetricFogProcessShaderRD, variant 3
Loading cache for shader VolumetricFogProcessShaderRD, variant 4
Shader 'BokehDofShaderRD' (group 0) SHA256: 8c692c9cd2f46f54f2c82d9a4a12be5f889d873a3c9698546a6eb5ec0c263647
Loading cache for shader BokehDofShaderRD, variant 0
Loading cache for shader BokehDofShaderRD, variant 1
Loading cache for shader BokehDofShaderRD, variant 3
Loading cache for shader BokehDofShaderRD, variant 5
Loading cache for shader BokehDofShaderRD, variant 6
Shader 'CopyShaderRD' (group 0) SHA256: c374588e7ae9bf64919d0186bea3104b4f721cc0691d284a9998e1e7d06c5eb8
Loading cache for shader CopyShaderRD, variant 0
Loading cache for shader CopyShaderRD, variant 1
Loading cache for shader CopyShaderRD, variant 2
Loading cache for shader CopyShaderRD, variant 3
Loading cache for shader CopyShaderRD, variant 4
Loading cache for shader CopyShaderRD, variant 5
Loading cache for shader CopyShaderRD, variant 6
Loading cache for shader CopyShaderRD, variant 7
Loading cache for shader CopyShaderRD, variant 8
Loading cache for shader CopyShaderRD, variant 9
Loading cache for shader CopyShaderRD, variant 10
Loading cache for shader CopyShaderRD, variant 11
Loading cache for shader CopyShaderRD, variant 12
Shader 'CopyToFbShaderRD' (group 0) SHA256: 72456b3a82af4da12c412275d4c8ffa4a6a5447d9daffeeef86bc16965803813
Loading cache for shader CopyToFbShaderRD, variant 0
Loading cache for shader CopyToFbShaderRD, variant 1
Loading cache for shader CopyToFbShaderRD, variant 2
Loading cache for shader CopyToFbShaderRD, variant 3
Shader 'CubeToDpShaderRD' (group 0) SHA256: da14e2c9b701a4bd7336b87667bf4f3b4f645de09781824763d2bbceead56c83
Loading cache for shader CubeToDpShaderRD, variant 0
Shader 'CubeToOctmapShaderRD' (group 0) SHA256: 7a5a6871c4fae131d3fef2e125ac23cbe81a1a042028f8c294461282de463c9a
Loading cache for shader CubeToOctmapShaderRD, variant 0
Shader 'OctmapDownsamplerShaderRD' (group 0) SHA256: 17404978f453a0a0388dfb81b2d08f173476d2c3b680e2e6aa35bcf438e24f11
Loading cache for shader OctmapDownsamplerShaderRD, variant 0
Loading cache for shader OctmapDownsamplerShaderRD, variant 1
Shader 'OctmapFilterShaderRD' (group 0) SHA256: cd03c4ea34362e2724f4d4536156039ee5ca21c31167b8840dfc65dad2d6bb11
Loading cache for shader OctmapFilterShaderRD, variant 0
Loading cache for shader OctmapFilterShaderRD, variant 1
Loading cache for shader OctmapFilterShaderRD, variant 2
Loading cache for shader OctmapFilterShaderRD, variant 3
Loading cache for shader OctmapFilterShaderRD, variant 4
Loading cache for shader OctmapFilterShaderRD, variant 5
Loading cache for shader OctmapFilterShaderRD, variant 6
Loading cache for shader OctmapFilterShaderRD, variant 7
Shader 'OctmapRoughnessShaderRD' (group 0) SHA256: 8470960c68b74292e24251e3b7e41d28e9a5054dce0cd1d77c2a2a865a10af43
Loading cache for shader OctmapRoughnessShaderRD, variant 0
Loading cache for shader OctmapRoughnessShaderRD, variant 1
Shader 'SpecularMergeShaderRD' (group 0) SHA256: 70920fc883de48dd253fbc2503dd8f4e65941df0da07e074541df12df090de98
Loading cache for shader SpecularMergeShaderRD, variant 0
Loading cache for shader SpecularMergeShaderRD, variant 1
Loading cache for shader SpecularMergeShaderRD, variant 2
Loading cache for shader SpecularMergeShaderRD, variant 3
Shader 'ShadowFrustumShaderRD' (group 0) SHA256: 248bc9deb54d10af912f2da1bd4b006bc43cfe08659a206fa573baf48e4050e0
Loading cache for shader ShadowFrustumShaderRD, variant 0
Shader 'MotionVectorsShaderRD' (group 0) SHA256: 4d3ba0c01e8b64c74a0f2f0fd20ddc8099d56cfbb3ee9e7dbe6dc3c54c174725
Loading cache for shader MotionVectorsShaderRD, variant 0
Shader 'LuminanceReduceShaderRD' (group 0) SHA256: c759f2761a12e9ff1fa625818963f94aa0ff511eb314a313ea89c615c37dd078
Loading cache for shader LuminanceReduceShaderRD, variant 0
Loading cache for shader LuminanceReduceShaderRD, variant 1
Loading cache for shader LuminanceReduceShaderRD, variant 2
Shader 'SmaaEdgeDetectionShaderRD' (group 0) SHA256: 8879d099a2601bd01d4582b1e86a091c5f89a7bc46aecc9e805410f75bcda245
Loading cache for shader SmaaEdgeDetectionShaderRD, variant 0
Shader 'SmaaWeightCalculationShaderRD' (group 0) SHA256: de1d49d5ff947e8b8382f43a79f57c4cceb02eed6f86d5175093ca63e94052bf
Loading cache for shader SmaaWeightCalculationShaderRD, variant 0
Shader 'SmaaBlendingShaderRD' (group 0) SHA256: d7b7c8cec00f24f9aa8db356b4df88c5fe032d38ce38673bd520c280c936fb80
Loading cache for shader SmaaBlendingShaderRD, variant 0
Shader 'TonemapShaderRD' (group 0) SHA256: 1b9049fef136690ef56085339cc9ad699de6d63e5d3afa1677201c6dedd6f2a8
Loading cache for shader TonemapShaderRD, variant 0
Loading cache for shader TonemapShaderRD, variant 1
Loading cache for shader TonemapShaderRD, variant 2
Loading cache for shader TonemapShaderRD, variant 3
Shader 'FsrUpscaleShaderRD' (group 0) SHA256: a8da3dfed3e309742ca78c4162d15f2ab08af4f694a51407089ecec1d1be54be
Loading cache for shader FsrUpscaleShaderRD, variant 0
Loading cache for shader FsrUpscaleShaderRD, variant 1
Shader 'ResolveShaderRD' (group 0) SHA256: 58e536c56eaff31a31ef93f224579af7b242a06469b7b0a7736cdeb7e16898b6
Loading cache for shader ResolveShaderRD, variant 0
Loading cache for shader ResolveShaderRD, variant 1
Loading cache for shader ResolveShaderRD, variant 2
Shader 'BlitShaderRD' (group 0) SHA256: ae4daaa7a60bb17ebd7e9de5db9422fb448b52ad89776ae7aa53fee442f7cc60
CoreAudio: detected 2 channels
CoreAudio: output sampling rate: 48000 Hz
CoreAudio: output audio buffer frames: 512 calculated latency: 10ms

Loading cache for shader BlitShaderRD, variant 0
Loading cache for shader BlitShaderRD, variant 1
Loading cache for shader BlitShaderRD, variant 2
Loading cache for shader BlitShaderRD, variant 3
TextServer: Primary interface set to: "ICU / HarfBuzz / Graphite (Built-in)".
Loading cache for shader CanvasShaderRD, variant 0
Loading cache for shader CanvasShaderRD, variant 1
Loading cache for shader CanvasShaderRD, variant 2
Loading cache for shader CanvasShaderRD, variant 3
Loading cache for shader CanvasShaderRD, variant 4
Loading cache for shader CanvasShaderRD, variant 5
CORE API HASH: 2004498165
EDITOR API HASH: 1696660745
Loading resource: res://tests/check_flight_jetpack_play.gd remapped: res://tests/check_flight_jetpack_play.gd
Loading resource: res://assets/materials/ink/cel.gdshader remapped: res://assets/materials/ink/cel.gdshader
Loading resource: res://assets/materials/space/illumination.gdshaderinc remapped: res://assets/materials/space/illumination.gdshaderinc
Completed load for: 'res://assets/materials/space/illumination.gdshaderinc' remapped 'res://assets/materials/space/illumination.gdshaderinc' at thread -1
Loading resource: res://assets/materials/ink/cel_light.gdshaderinc remapped: res://assets/materials/ink/cel_light.gdshaderinc
Completed load for: 'res://assets/materials/ink/cel_light.gdshaderinc' remapped 'res://assets/materials/ink/cel_light.gdshaderinc' at thread -1
Loading resource: res://assets/materials/space/cloud_field.gdshaderinc remapped: res://assets/materials/space/cloud_field.gdshaderinc
Completed load for: 'res://assets/materials/space/cloud_field.gdshaderinc' remapped 'res://assets/materials/space/cloud_field.gdshaderinc' at thread -1
Completed load for: 'res://assets/materials/ink/cel.gdshader' remapped 'res://assets/materials/ink/cel.gdshader' at thread -1
Loading resource: res://assets/materials/ink/contour.gdshader remapped: res://assets/materials/ink/contour.gdshader
Completed load for: 'res://assets/materials/ink/contour.gdshader' remapped 'res://assets/materials/ink/contour.gdshader' at thread -1
Loading resource: res://assets/materials/space/combat_blast.gdshader remapped: res://assets/materials/space/combat_blast.gdshader
Completed load for: 'res://assets/materials/space/combat_blast.gdshader' remapped 'res://assets/materials/space/combat_blast.gdshader' at thread -1
Loading resource: res://assets/materials/space/combat_shield.gdshader remapped: res://assets/materials/space/combat_shield.gdshader
Completed load for: 'res://assets/materials/space/combat_shield.gdshader' remapped 'res://assets/materials/space/combat_shield.gdshader' at thread -1
Loading resource: res://assets/materials/space/skill_barrier.gdshader remapped: res://assets/materials/space/skill_barrier.gdshader
Completed load for: 'res://assets/materials/space/skill_barrier.gdshader' remapped 'res://assets/materials/space/skill_barrier.gdshader' at thread -1
Completed load for: 'res://tests/check_flight_jetpack_play.gd' remapped 'res://tests/check_flight_jetpack_play.gd' at thread -1
SceneTreeFTI: traversal method DEFAULT
Loaded system CA certificates
PASS natural native home landing
NATIVE_FIXTURE {"body":"galaxy:galaxy-v3:71503:planet:464983","ordinal":464983,"row":{"body_id":"galaxy:galaxy-v3:71503:planet:464983","combat_tier":5,"form_id":"biota_bilateral_mandibles_26","home_point":"(14.4432, 2.051992, 41.0064)","id":"surface:0:1:0","introduced":false,"layer":"surface","look_id":"biota_bilateral_mandibles_26_p04_s03","point":"(14.4432, 2.051992, 41.0064)","status":"active","terrestrial":true,"yaw":1.30061935858617}}
PASS natural aggressive surface-air home
PASS flight play fixture saved
Loading resource: res://scenes/app/crew_expedition.tscn remapped: res://scenes/app/crew_expedition.tscn
Completed load for: 'res://scenes/app/crew_expedition.tscn' remapped 'res://scenes/app/crew_expedition.tscn' at thread -1
Loading resource: res://assets/materials/space/cabin_window.gdshader remapped: res://assets/materials/space/cabin_window.gdshader
Completed load for: 'res://assets/materials/space/cabin_window.gdshader' remapped 'res://assets/materials/space/cabin_window.gdshader' at thread -1
Loading cache for shader SceneForwardClusteredShaderRD, variant 0
Loading cache for shader SceneForwardClusteredShaderRD, variant 1
Loading cache for shader SceneForwardClusteredShaderRD, variant 2
Loading cache for shader SceneForwardClusteredShaderRD, variant 3
Loading cache for shader SceneForwardClusteredShaderRD, variant 4
Loading cache for shader SceneForwardClusteredShaderRD, variant 5
Loading cache for shader SceneForwardClusteredShaderRD, variant 6
Loading cache for shader SceneForwardClusteredShaderRD, variant 7
Loading resource: res://assets/models/crew/interiors/kestrel.glb remapped: res://assets/models/crew/interiors/kestrel.glb
Loading resource: res://.godot/imported/kestrel.glb-75a9aa82c5c8583376a5ba0b5f66e305.scn remapped: res://.godot/imported/kestrel.glb-75a9aa82c5c8583376a5ba0b5f66e305.scn
Loading cache for shader SceneForwardClusteredShaderRD, variant 0
Loading cache for shader SceneForwardClusteredShaderRD, variant 1
Loading cache for shader SceneForwardClusteredShaderRD, variant 2
Loading cache for shader SceneForwardClusteredShaderRD, variant 3
Loading cache for shader SceneForwardClusteredShaderRD, variant 4
Loading cache for shader SceneForwardClusteredShaderRD, variant 5
Loading cache for shader SceneForwardClusteredShaderRD, variant 6
Loading cache for shader SceneForwardClusteredShaderRD, variant 7
Loading cache for shader SceneForwardClusteredShaderRD, variant 0
Loading cache for shader SceneForwardClusteredShaderRD, variant 1
Loading cache for shader SceneForwardClusteredShaderRD, variant 2
Loading cache for shader SceneForwardClusteredShaderRD, variant 3
Loading cache for shader SceneForwardClusteredShaderRD, variant 4
Loading cache for shader SceneForwardClusteredShaderRD, variant 5
Loading cache for shader SceneForwardClusteredShaderRD, variant 6
Loading cache for shader SceneForwardClusteredShaderRD, variant 7
Completed load for: 'res://assets/models/crew/interiors/kestrel.glb' remapped 'res://assets/models/crew/interiors/kestrel.glb' at thread -1
Loading cache for shader SceneForwardClusteredShaderRD, variant 0
Loading cache for shader SceneForwardClusteredShaderRD, variant 1
Loading cache for shader SceneForwardClusteredShaderRD, variant 2
Loading cache for shader SceneForwardClusteredShaderRD, variant 3
Loading cache for shader SceneForwardClusteredShaderRD, variant 4
Loading cache for shader SceneForwardClusteredShaderRD, variant 5
Loading cache for shader SceneForwardClusteredShaderRD, variant 6
Loading cache for shader SceneForwardClusteredShaderRD, variant 7
Loading cache for shader SceneForwardClusteredShaderRD, variant 0
Loading cache for shader SceneForwardClusteredShaderRD, variant 1
Loading cache for shader SceneForwardClusteredShaderRD, variant 2
Loading cache for shader SceneForwardClusteredShaderRD, variant 3
Loading cache for shader SceneForwardClusteredShaderRD, variant 4
Loading cache for shader SceneForwardClusteredShaderRD, variant 5
Loading cache for shader SceneForwardClusteredShaderRD, variant 6
Loading cache for shader SceneForwardClusteredShaderRD, variant 7
Loading resource: res://assets/fonts/NotoSansKR.ttf remapped: res://assets/fonts/NotoSansKR.ttf
Loading resource: res://.godot/imported/NotoSansKR.ttf-3ae954ae8c14792ea34daf89520c1713.fontdata remapped: res://.godot/imported/NotoSansKR.ttf-3ae954ae8c14792ea34daf89520c1713.fontdata
Completed load for: 'res://assets/fonts/NotoSansKR.ttf' remapped 'res://assets/fonts/NotoSansKR.ttf' at thread -1
Loading resource: res://scripts/ui/research_panel.gd remapped: res://scripts/ui/research_panel.gd
Completed load for: 'res://scripts/ui/research_panel.gd' remapped 'res://scripts/ui/research_panel.gd' at thread -1
Loading resource: res://assets/ui/resources/sapphire.png remapped: res://assets/ui/resources/sapphire.png
Loading resource: res://.godot/imported/sapphire.png-c61876980a5d32665c331ca274999266.ctex remapped: res://.godot/imported/sapphire.png-c61876980a5d32665c331ca274999266.ctex
Completed load for: 'res://assets/ui/resources/sapphire.png' remapped 'res://assets/ui/resources/sapphire.png' at thread -1
Loading resource: res://assets/ui/resources/ruby.png remapped: res://assets/ui/resources/ruby.png
Loading resource: res://.godot/imported/ruby.png-5bb94303f52660b6f74b310d7bbb4918.ctex remapped: res://.godot/imported/ruby.png-5bb94303f52660b6f74b310d7bbb4918.ctex
Completed load for: 'res://assets/ui/resources/ruby.png' remapped 'res://assets/ui/resources/ruby.png' at thread -1
Loading resource: res://assets/ui/resources/emerald.png remapped: res://assets/ui/resources/emerald.png
Loading resource: res://.godot/imported/emerald.png-b878996ce0462b7f5f2676c0ee4e77f6.ctex remapped: res://.godot/imported/emerald.png-b878996ce0462b7f5f2676c0ee4e77f6.ctex
Completed load for: 'res://assets/ui/resources/emerald.png' remapped 'res://assets/ui/resources/emerald.png' at thread -1
Loading resource: res://scripts/ui/robot_factory_panel.gd remapped: res://scripts/ui/robot_factory_panel.gd
Completed load for: 'res://scripts/ui/robot_factory_panel.gd' remapped 'res://scripts/ui/robot_factory_panel.gd' at thread -1
Loading resource: res://assets/models/miner.glb remapped: res://assets/models/miner.glb
Loading resource: res://.godot/imported/miner.glb-5f3d296402d0b68b7bfbef51f3feb0ed.scn remapped: res://.godot/imported/miner.glb-5f3d296402d0b68b7bfbef51f3feb0ed.scn
Completed load for: 'res://assets/models/miner.glb' remapped 'res://assets/models/miner.glb' at thread -1
Loading resource: res://assets/ui/resources/refined_iron.png remapped: res://assets/ui/resources/refined_iron.png
Loading resource: res://.godot/imported/refined_iron.png-294d64ffe563dba0bdc06a57b5ee7603.ctex remapped: res://.godot/imported/refined_iron.png-294d64ffe563dba0bdc06a57b5ee7603.ctex
Completed load for: 'res://assets/ui/resources/refined_iron.png' remapped 'res://assets/ui/resources/refined_iron.png' at thread -1
Loading resource: res://assets/ui/resources/refined_copper.png remapped: res://assets/ui/resources/refined_copper.png
Loading resource: res://.godot/imported/refined_copper.png-3ff132f34f8759d951b6bf1f1be84a01.ctex remapped: res://.godot/imported/refined_copper.png-3ff132f34f8759d951b6bf1f1be84a01.ctex
Completed load for: 'res://assets/ui/resources/refined_copper.png' remapped 'res://assets/ui/resources/refined_copper.png' at thread -1
Loading resource: res://assets/ui/resources/reinforced_frame.png remapped: res://assets/ui/resources/reinforced_frame.png
Loading resource: res://.godot/imported/reinforced_frame.png-fe46252af2685099636f86d15cb17f9f.ctex remapped: res://.godot/imported/reinforced_frame.png-fe46252af2685099636f86d15cb17f9f.ctex
Completed load for: 'res://assets/ui/resources/reinforced_frame.png' remapped 'res://assets/ui/resources/reinforced_frame.png' at thread -1
Loading resource: res://assets/ui/resources/control_circuit.png remapped: res://assets/ui/resources/control_circuit.png
Loading resource: res://.godot/imported/control_circuit.png-e1b08b0129e80b72931a3f1d7222b30e.ctex remapped: res://.godot/imported/control_circuit.png-e1b08b0129e80b72931a3f1d7222b30e.ctex
Completed load for: 'res://assets/ui/resources/control_circuit.png' remapped 'res://assets/ui/resources/control_circuit.png' at thread -1
Loading resource: res://assets/ui/resources/mineral_filter.png remapped: res://assets/ui/resources/mineral_filter.png
Loading resource: res://.godot/imported/mineral_filter.png-1d789f1484d24c8041bdde9c417e20c9.ctex remapped: res://.godot/imported/mineral_filter.png-1d789f1484d24c8041bdde9c417e20c9.ctex
Completed load for: 'res://assets/ui/resources/mineral_filter.png' remapped 'res://assets/ui/resources/mineral_filter.png' at thread -1
Loading resource: res://assets/ui/resources/heat_transfer_unit.png remapped: res://assets/ui/resources/heat_transfer_unit.png
Loading resource: res://.godot/imported/heat_transfer_unit.png-6fc6afab2fec48062455ea8f472ced9a.ctex remapped: res://.godot/imported/heat_transfer_unit.png-6fc6afab2fec48062455ea8f472ced9a.ctex
Completed load for: 'res://assets/ui/resources/heat_transfer_unit.png' remapped 'res://assets/ui/resources/heat_transfer_unit.png' at thread -1
Loading resource: res://assets/ui/resources/soil_base.png remapped: res://assets/ui/resources/soil_base.png
Loading resource: res://.godot/imported/soil_base.png-89bc7947e4589c7253f5d74592e83a62.ctex remapped: res://.godot/imported/soil_base.png-89bc7947e4589c7253f5d74592e83a62.ctex
Completed load for: 'res://assets/ui/resources/soil_base.png' remapped 'res://assets/ui/resources/soil_base.png' at thread -1
Loading resource: res://assets/ui/resources/combat_cover_kit.png remapped: res://assets/ui/resources/combat_cover_kit.png
Loading resource: res://.godot/imported/combat_cover_kit.png-1dc280404d6fc7dc87773d8309b9d17d.ctex remapped: res://.godot/imported/combat_cover_kit.png-1dc280404d6fc7dc87773d8309b9d17d.ctex
Completed load for: 'res://assets/ui/resources/combat_cover_kit.png' remapped 'res://assets/ui/resources/combat_cover_kit.png' at thread -1
Loading resource: res://assets/ui/resources/ammo_light.png remapped: res://assets/ui/resources/ammo_light.png
Loading resource: res://.godot/imported/ammo_light.png-9758cc18e0f7b196e4a9c42d8a98bd49.ctex remapped: res://.godot/imported/ammo_light.png-9758cc18e0f7b196e4a9c42d8a98bd49.ctex
Completed load for: 'res://assets/ui/resources/ammo_light.png' remapped 'res://assets/ui/resources/ammo_light.png' at thread -1
Loading resource: res://assets/ui/resources/ammo_heavy.png remapped: res://assets/ui/resources/ammo_heavy.png
Loading resource: res://.godot/imported/ammo_heavy.png-1f358cdb366219aa6ed9d746fa950b32.ctex remapped: res://.godot/imported/ammo_heavy.png-1f358cdb366219aa6ed9d746fa950b32.ctex
Completed load for: 'res://assets/ui/resources/ammo_heavy.png' remapped 'res://assets/ui/resources/ammo_heavy.png' at thread -1
Loading resource: res://assets/ui/resources/ammo_shell.png remapped: res://assets/ui/resources/ammo_shell.png
Loading resource: res://.godot/imported/ammo_shell.png-1938d5bd29340ca1b2a64dba22e3f9e3.ctex remapped: res://.godot/imported/ammo_shell.png-1938d5bd29340ca1b2a64dba22e3f9e3.ctex
Completed load for: 'res://assets/ui/resources/ammo_shell.png' remapped 'res://assets/ui/resources/ammo_shell.png' at thread -1
Loading resource: res://assets/ui/resources/ammo_sniper.png remapped: res://assets/ui/resources/ammo_sniper.png
Loading resource: res://.godot/imported/ammo_sniper.png-2d734529d6c8927a107f3cce23d237ac.ctex remapped: res://.godot/imported/ammo_sniper.png-2d734529d6c8927a107f3cce23d237ac.ctex
Completed load for: 'res://assets/ui/resources/ammo_sniper.png' remapped 'res://assets/ui/resources/ammo_sniper.png' at thread -1
Loading resource: res://assets/ui/resources/ammo_plasma.png remapped: res://assets/ui/resources/ammo_plasma.png
Loading resource: res://.godot/imported/ammo_plasma.png-5ffc33e51ba3a090f1adde625fba5bac.ctex remapped: res://.godot/imported/ammo_plasma.png-5ffc33e51ba3a090f1adde625fba5bac.ctex
Completed load for: 'res://assets/ui/resources/ammo_plasma.png' remapped 'res://assets/ui/resources/ammo_plasma.png' at thread -1
Loading resource: res://assets/ui/resources/ammo_energy.png remapped: res://assets/ui/resources/ammo_energy.png
Loading resource: res://.godot/imported/ammo_energy.png-d154f4479f40cd89fab526bcc1b51a07.ctex remapped: res://.godot/imported/ammo_energy.png-d154f4479f40cd89fab526bcc1b51a07.ctex
Completed load for: 'res://assets/ui/resources/ammo_energy.png' remapped 'res://assets/ui/resources/ammo_energy.png' at thread -1
Loading resource: res://assets/ui/previews/storage.png remapped: res://assets/ui/previews/storage.png
Loading resource: res://.godot/imported/storage.png-80801068b0af5f5af33a3b7e7da6809d.ctex remapped: res://.godot/imported/storage.png-80801068b0af5f5af33a3b7e7da6809d.ctex
Completed load for: 'res://assets/ui/previews/storage.png' remapped 'res://assets/ui/previews/storage.png' at thread -1
Loading resource: res://assets/ui/previews/solar.png remapped: res://assets/ui/previews/solar.png
Loading resource: res://.godot/imported/solar.png-a654b9a8f0dcc35221b7e28a00cdd27f.ctex remapped: res://.godot/imported/solar.png-a654b9a8f0dcc35221b7e28a00cdd27f.ctex
Completed load for: 'res://assets/ui/previews/solar.png' remapped 'res://assets/ui/previews/solar.png' at thread -1
Loading resource: res://assets/ui/previews/charger.png remapped: res://assets/ui/previews/charger.png
Loading resource: res://.godot/imported/charger.png-35aea00f2f2cde1bfacb72270c07d759.ctex remapped: res://.godot/imported/charger.png-35aea00f2f2cde1bfacb72270c07d759.ctex
Completed load for: 'res://assets/ui/previews/charger.png' remapped 'res://assets/ui/previews/charger.png' at thread -1
Loading resource: res://assets/ui/previews/factory.png remapped: res://assets/ui/previews/factory.png
Loading resource: res://.godot/imported/factory.png-b6b79be2ac3b1cfc44dac904e137d1ed.ctex remapped: res://.godot/imported/factory.png-b6b79be2ac3b1cfc44dac904e137d1ed.ctex
Completed load for: 'res://assets/ui/previews/factory.png' remapped 'res://assets/ui/previews/factory.png' at thread -1
Loading resource: res://assets/ui/previews/atmosphere.png remapped: res://assets/ui/previews/atmosphere.png
Loading resource: res://.godot/imported/atmosphere.png-23b5494f81940c056c6a79da99d727a2.ctex remapped: res://.godot/imported/atmosphere.png-23b5494f81940c056c6a79da99d727a2.ctex
Completed load for: 'res://assets/ui/previews/atmosphere.png' remapped 'res://assets/ui/previews/atmosphere.png' at thread -1
Loading resource: res://assets/ui/previews/thermal.png remapped: res://assets/ui/previews/thermal.png
Loading resource: res://.godot/imported/thermal.png-8eb32fc5048c267773620bb3cfa563ee.ctex remapped: res://.godot/imported/thermal.png-8eb32fc5048c267773620bb3cfa563ee.ctex
Completed load for: 'res://assets/ui/previews/thermal.png' remapped 'res://assets/ui/previews/thermal.png' at thread -1
Loading resource: res://assets/ui/previews/water.png remapped: res://assets/ui/previews/water.png
Loading resource: res://.godot/imported/water.png-22ab48157b415637c50cad3c74aaa05d.ctex remapped: res://.godot/imported/water.png-22ab48157b415637c50cad3c74aaa05d.ctex
Completed load for: 'res://assets/ui/previews/water.png' remapped 'res://assets/ui/previews/water.png' at thread -1
Loading resource: res://assets/ui/previews/biolab.png remapped: res://assets/ui/previews/biolab.png
Loading resource: res://.godot/imported/biolab.png-581dd95a62ce1eb768118124223373aa.ctex remapped: res://.godot/imported/biolab.png-581dd95a62ce1eb768118124223373aa.ctex
Completed load for: 'res://assets/ui/previews/biolab.png' remapped 'res://assets/ui/previews/biolab.png' at thread -1
Loading resource: res://assets/ui/previews/terraform3/source_control.png remapped: res://assets/ui/previews/terraform3/source_control.png
Loading resource: res://.godot/imported/source_control.png-81dec7118c6108a4775a1de0a663b6eb.ctex remapped: res://.godot/imported/source_control.png-81dec7118c6108a4775a1de0a663b6eb.ctex
Completed load for: 'res://assets/ui/previews/terraform3/source_control.png' remapped 'res://assets/ui/previews/terraform3/source_control.png' at thread -1
Loading resource: res://assets/ui/previews/field_canopy.png remapped: res://assets/ui/previews/field_canopy.png
Loading resource: res://.godot/imported/field_canopy.png-bf106f988868faf567a8ecf15872747a.ctex remapped: res://.godot/imported/field_canopy.png-bf106f988868faf567a8ecf15872747a.ctex
Completed load for: 'res://assets/ui/previews/field_canopy.png' remapped 'res://assets/ui/previews/field_canopy.png' at thread -1
Loading resource: res://assets/ui/previews/grounding_mast.png remapped: res://assets/ui/previews/grounding_mast.png
Loading resource: res://.godot/imported/grounding_mast.png-0834ca3ca8aa54d960d220ac309caa19.ctex remapped: res://.godot/imported/grounding_mast.png-0834ca3ca8aa54d960d220ac309caa19.ctex
Completed load for: 'res://assets/ui/previews/grounding_mast.png' remapped 'res://assets/ui/previews/grounding_mast.png' at thread -1
Loading resource: res://assets/ui/previews/combat_barrier.png remapped: res://assets/ui/previews/combat_barrier.png
Loading resource: res://.godot/imported/combat_barrier.png-8176ec0e39190197b2c8bac34e395eb6.ctex remapped: res://.godot/imported/combat_barrier.png-8176ec0e39190197b2c8bac34e395eb6.ctex
Completed load for: 'res://assets/ui/previews/combat_barrier.png' remapped 'res://assets/ui/previews/combat_barrier.png' at thread -1
Loading resource: res://assets/ui/previews/combat_barricade.png remapped: res://assets/ui/previews/combat_barricade.png
Loading resource: res://.godot/imported/combat_barricade.png-00c1b26051bf8dc9ae9e0a6692cb256f.ctex remapped: res://.godot/imported/combat_barricade.png-00c1b26051bf8dc9ae9e0a6692cb256f.ctex
Completed load for: 'res://assets/ui/previews/combat_barricade.png' remapped 'res://assets/ui/previews/combat_barricade.png' at thread -1
Loading resource: res://assets/ui/resources/iron.svg remapped: res://assets/ui/resources/iron.svg
Loading resource: res://.godot/imported/iron.svg-8ce702d76d31a4db370d575116609db0.ctex remapped: res://.godot/imported/iron.svg-8ce702d76d31a4db370d575116609db0.ctex
Completed load for: 'res://assets/ui/resources/iron.svg' remapped 'res://assets/ui/resources/iron.svg' at thread -1
Loading resource: res://assets/ui/resources/stone.svg remapped: res://assets/ui/resources/stone.svg
Loading resource: res://.godot/imported/stone.svg-2290a35288e961c3470b3a67dc222800.ctex remapped: res://.godot/imported/stone.svg-2290a35288e961c3470b3a67dc222800.ctex
Completed load for: 'res://assets/ui/resources/stone.svg' remapped 'res://assets/ui/resources/stone.svg' at thread -1
Loading resource: res://assets/ui/resources/copper.svg remapped: res://assets/ui/resources/copper.svg
Loading resource: res://.godot/imported/copper.svg-279e2e9887585b9a635a2354d52beed7.ctex remapped: res://.godot/imported/copper.svg-279e2e9887585b9a635a2354d52beed7.ctex
Completed load for: 'res://assets/ui/resources/copper.svg' remapped 'res://assets/ui/resources/copper.svg' at thread -1
Loading resource: res://assets/ui/resources/ice.svg remapped: res://assets/ui/resources/ice.svg
Loading resource: res://.godot/imported/ice.svg-2834e57059a7f06839a4fb39f353d48e.ctex remapped: res://.godot/imported/ice.svg-2834e57059a7f06839a4fb39f353d48e.ctex
Completed load for: 'res://assets/ui/resources/ice.svg' remapped 'res://assets/ui/resources/ice.svg' at thread -1
Loading resource: res://assets/models/miner.glb remapped: res://assets/models/miner.glb
Loading resource: res://.godot/imported/miner.glb-5f3d296402d0b68b7bfbef51f3feb0ed.scn remapped: res://.godot/imported/miner.glb-5f3d296402d0b68b7bfbef51f3feb0ed.scn
Completed load for: 'res://assets/models/miner.glb' remapped 'res://assets/models/miner.glb' at thread -1
Loading resource: res://assets/ui/resources/credits.svg remapped: res://assets/ui/resources/credits.svg
Loading resource: res://.godot/imported/credits.svg-7cd3901fd5b74fe272d6e9ab8e2c20da.ctex remapped: res://.godot/imported/credits.svg-7cd3901fd5b74fe272d6e9ab8e2c20da.ctex
Completed load for: 'res://assets/ui/resources/credits.svg' remapped 'res://assets/ui/resources/credits.svg' at thread -1
Loading resource: res://assets/ui/resources/credits.svg remapped: res://assets/ui/resources/credits.svg
Loading resource: res://.godot/imported/credits.svg-7cd3901fd5b74fe272d6e9ab8e2c20da.ctex remapped: res://.godot/imported/credits.svg-7cd3901fd5b74fe272d6e9ab8e2c20da.ctex
Completed load for: 'res://assets/ui/resources/credits.svg' remapped 'res://assets/ui/resources/credits.svg' at thread -1
Loading resource: res://assets/ui/resources/mineral_scaffold.svg remapped: res://assets/ui/resources/mineral_scaffold.svg
Loading resource: res://.godot/imported/mineral_scaffold.svg-ef590d5ec82750a4ee5259f00f88ca72.ctex remapped: res://.godot/imported/mineral_scaffold.svg-ef590d5ec82750a4ee5259f00f88ca72.ctex
Completed load for: 'res://assets/ui/resources/mineral_scaffold.svg' remapped 'res://assets/ui/resources/mineral_scaffold.svg' at thread -1
Loading resource: res://assets/ui/resources/thermal_exchange.svg remapped: res://assets/ui/resources/thermal_exchange.svg
Loading resource: res://.godot/imported/thermal_exchange.svg-32623c7c9e1437ee926a3baa024e37fc.ctex remapped: res://.godot/imported/thermal_exchange.svg-32623c7c9e1437ee926a3baa024e37fc.ctex
Completed load for: 'res://assets/ui/resources/thermal_exchange.svg' remapped 'res://assets/ui/resources/thermal_exchange.svg' at thread -1
Loading resource: res://assets/ui/resources/water_membrane.svg remapped: res://assets/ui/resources/water_membrane.svg
Loading resource: res://.godot/imported/water_membrane.svg-ce2deae70d35f0710420088e9b9cab92.ctex remapped: res://.godot/imported/water_membrane.svg-ce2deae70d35f0710420088e9b9cab92.ctex
Completed load for: 'res://assets/ui/resources/water_membrane.svg' remapped 'res://assets/ui/resources/water_membrane.svg' at thread -1
Loading resource: res://assets/ui/corporations/lost_freight_pod.png remapped: res://assets/ui/corporations/lost_freight_pod.png
Loading resource: res://.godot/imported/lost_freight_pod.png-713d5909f05287a582a34675cfae8509.ctex remapped: res://.godot/imported/lost_freight_pod.png-713d5909f05287a582a34675cfae8509.ctex
Completed load for: 'res://assets/ui/corporations/lost_freight_pod.png' remapped 'res://assets/ui/corporations/lost_freight_pod.png' at thread -1
Loading resource: res://assets/ui/resources/ship_module.svg remapped: res://assets/ui/resources/ship_module.svg
Loading resource: res://.godot/imported/ship_module.svg-42ac096f50e4990781d5a60cea992e40.ctex remapped: res://.godot/imported/ship_module.svg-42ac096f50e4990781d5a60cea992e40.ctex
Completed load for: 'res://assets/ui/resources/ship_module.svg' remapped 'res://assets/ui/resources/ship_module.svg' at thread -1
Loading resource: res://assets/ui/resources/crystal.svg remapped: res://assets/ui/resources/crystal.svg
Loading resource: res://.godot/imported/crystal.svg-511578f1239cb7fbde7ca0aa5ba5ae3f.ctex remapped: res://.godot/imported/crystal.svg-511578f1239cb7fbde7ca0aa5ba5ae3f.ctex
Completed load for: 'res://assets/ui/resources/crystal.svg' remapped 'res://assets/ui/resources/crystal.svg' at thread -1
Loading resource: res://assets/models/ships/finch.glb remapped: res://assets/models/ships/finch.glb
Loading resource: res://.godot/imported/finch.glb-f4585bf39d4ba86b1ac285cec30e9db2.scn remapped: res://.godot/imported/finch.glb-f4585bf39d4ba86b1ac285cec30e9db2.scn
Loading cache for shader SceneForwardClusteredShaderRD, variant 0
Loading cache for shader SceneForwardClusteredShaderRD, variant 1
Loading cache for shader SceneForwardClusteredShaderRD, variant 2
Loading cache for shader SceneForwardClusteredShaderRD, variant 3
Loading cache for shader SceneForwardClusteredShaderRD, variant 4
Loading cache for shader SceneForwardClusteredShaderRD, variant 5
Loading cache for shader SceneForwardClusteredShaderRD, variant 6
Loading cache for shader SceneForwardClusteredShaderRD, variant 7
Completed load for: 'res://assets/models/ships/finch.glb' remapped 'res://assets/models/ships/finch.glb' at thread -1
Loading resource: res://assets/audio/sfx_robot_move.wav remapped: res://assets/audio/sfx_robot_move.wav
Loading resource: res://.godot/imported/sfx_robot_move.wav-c05d22f7f96362cd505fd0824a69a458.sample remapped: res://.godot/imported/sfx_robot_move.wav-c05d22f7f96362cd505fd0824a69a458.sample
Completed load for: 'res://assets/audio/sfx_robot_move.wav' remapped 'res://assets/audio/sfx_robot_move.wav' at thread -1
Loading resource: res://assets/models/crew/surveyor_augmented.glb remapped: res://assets/models/crew/surveyor_augmented.glb
Loading resource: res://.godot/imported/surveyor_augmented.glb-4ee9da0700f932cecb1153f8c58cd2cb.scn remapped: res://.godot/imported/surveyor_augmented.glb-4ee9da0700f932cecb1153f8c58cd2cb.scn
Completed load for: 'res://assets/models/crew/surveyor_augmented.glb' remapped 'res://assets/models/crew/surveyor_augmented.glb' at thread -1
Loading resource: res://assets/ui/interface/augment_mobility.svg remapped: res://assets/ui/interface/augment_mobility.svg
Loading resource: res://.godot/imported/augment_mobility.svg-1bfa92658aa574e8e4c706ef7dc32960.ctex remapped: res://.godot/imported/augment_mobility.svg-1bfa92658aa574e8e4c706ef7dc32960.ctex
Completed load for: 'res://assets/ui/interface/augment_mobility.svg' remapped 'res://assets/ui/interface/augment_mobility.svg' at thread -1
Loading resource: res://assets/ui/interface/augment_combat.svg remapped: res://assets/ui/interface/augment_combat.svg
Loading resource: res://.godot/imported/augment_combat.svg-e738207572b54d33801ae785470f749a.ctex remapped: res://.godot/imported/augment_combat.svg-e738207572b54d33801ae785470f749a.ctex
Completed load for: 'res://assets/ui/interface/augment_combat.svg' remapped 'res://assets/ui/interface/augment_combat.svg' at thread -1
Loading resource: res://assets/ui/interface/augment_vitality.svg remapped: res://assets/ui/interface/augment_vitality.svg
Loading resource: res://.godot/imported/augment_vitality.svg-b20e384bb525ac888a94f264059bab9b.ctex remapped: res://.godot/imported/augment_vitality.svg-b20e384bb525ac888a94f264059bab9b.ctex
Completed load for: 'res://assets/ui/interface/augment_vitality.svg' remapped 'res://assets/ui/interface/augment_vitality.svg' at thread -1
Loading resource: res://assets/ui/interface/augment_jump.svg remapped: res://assets/ui/interface/augment_jump.svg
Loading resource: res://.godot/imported/augment_jump.svg-2041ddb0710cb51b458682d3f622f3db.ctex remapped: res://.godot/imported/augment_jump.svg-2041ddb0710cb51b458682d3f622f3db.ctex
Completed load for: 'res://assets/ui/interface/augment_jump.svg' remapped 'res://assets/ui/interface/augment_jump.svg' at thread -1
Loading resource: res://assets/ui/interface/augment_endurance.svg remapped: res://assets/ui/interface/augment_endurance.svg
Loading resource: res://.godot/imported/augment_endurance.svg-1a3c30f013902e9b6643da5a3448df36.ctex remapped: res://.godot/imported/augment_endurance.svg-1a3c30f013902e9b6643da5a3448df36.ctex
Completed load for: 'res://assets/ui/interface/augment_endurance.svg' remapped 'res://assets/ui/interface/augment_endurance.svg' at thread -1
Loading resource: res://assets/ui/interface/augment_stamina_recovery.svg remapped: res://assets/ui/interface/augment_stamina_recovery.svg
Loading resource: res://.godot/imported/augment_stamina_recovery.svg-086d00c75b78868c8749a58387204c91.ctex remapped: res://.godot/imported/augment_stamina_recovery.svg-086d00c75b78868c8749a58387204c91.ctex
Completed load for: 'res://assets/ui/interface/augment_stamina_recovery.svg' remapped 'res://assets/ui/interface/augment_stamina_recovery.svg' at thread -1
Loading resource: res://assets/ui/interface/augment_fire_rate.svg remapped: res://assets/ui/interface/augment_fire_rate.svg
Loading resource: res://.godot/imported/augment_fire_rate.svg-069c7570c3bd955b1e41268204f54831.ctex remapped: res://.godot/imported/augment_fire_rate.svg-069c7570c3bd955b1e41268204f54831.ctex
Completed load for: 'res://assets/ui/interface/augment_fire_rate.svg' remapped 'res://assets/ui/interface/augment_fire_rate.svg' at thread -1
Loading resource: res://assets/ui/interface/augment_mining.svg remapped: res://assets/ui/interface/augment_mining.svg
Loading resource: res://.godot/imported/augment_mining.svg-319104bcb82f04001d852bfff087c82e.ctex remapped: res://.godot/imported/augment_mining.svg-319104bcb82f04001d852bfff087c82e.ctex
Completed load for: 'res://assets/ui/interface/augment_mining.svg' remapped 'res://assets/ui/interface/augment_mining.svg' at thread -1
Loading resource: res://assets/ui/interface/augment_excavation.svg remapped: res://assets/ui/interface/augment_excavation.svg
Loading resource: res://.godot/imported/augment_excavation.svg-d7f538f1353a6f7df91f350ae589484d.ctex remapped: res://.godot/imported/augment_excavation.svg-d7f538f1353a6f7df91f350ae589484d.ctex
Completed load for: 'res://assets/ui/interface/augment_excavation.svg' remapped 'res://assets/ui/interface/augment_excavation.svg' at thread -1
Loading resource: res://assets/ui/interface/augment_fall_guard.svg remapped: res://assets/ui/interface/augment_fall_guard.svg
Loading resource: res://.godot/imported/augment_fall_guard.svg-4d51b684304aff6e9683304409869ef3.ctex remapped: res://.godot/imported/augment_fall_guard.svg-4d51b684304aff6e9683304409869ef3.ctex
Completed load for: 'res://assets/ui/interface/augment_fall_guard.svg' remapped 'res://assets/ui/interface/augment_fall_guard.svg' at thread -1
Loading resource: res://assets/ui/interface/augment_healing.svg remapped: res://assets/ui/interface/augment_healing.svg
Loading resource: res://.godot/imported/augment_healing.svg-ba98b7e28b484c9a203665d4bdcd1182.ctex remapped: res://.godot/imported/augment_healing.svg-ba98b7e28b484c9a203665d4bdcd1182.ctex
Completed load for: 'res://assets/ui/interface/augment_healing.svg' remapped 'res://assets/ui/interface/augment_healing.svg' at thread -1
Loading resource: res://assets/ui/interface/augment_recovery_delay.svg remapped: res://assets/ui/interface/augment_recovery_delay.svg
Loading resource: res://.godot/imported/augment_recovery_delay.svg-0641f70f6cfd6b7bc3df45bf0a05a056.ctex remapped: res://.godot/imported/augment_recovery_delay.svg-0641f70f6cfd6b7bc3df45bf0a05a056.ctex
Completed load for: 'res://assets/ui/interface/augment_recovery_delay.svg' remapped 'res://assets/ui/interface/augment_recovery_delay.svg' at thread -1
Loading resource: res://assets/models/crew/surveyor_augmented.glb remapped: res://assets/models/crew/surveyor_augmented.glb
Loading resource: res://.godot/imported/surveyor_augmented.glb-4ee9da0700f932cecb1153f8c58cd2cb.scn remapped: res://.godot/imported/surveyor_augmented.glb-4ee9da0700f932cecb1153f8c58cd2cb.scn
Completed load for: 'res://assets/models/crew/surveyor_augmented.glb' remapped 'res://assets/models/crew/surveyor_augmented.glb' at thread -1
Loading resource: res://assets/ui/interface/shield.svg remapped: res://assets/ui/interface/shield.svg
Loading resource: res://.godot/imported/shield.svg-e07a0f68d2c00bd83a6d40c283934a25.ctex remapped: res://.godot/imported/shield.svg-e07a0f68d2c00bd83a6d40c283934a25.ctex
Completed load for: 'res://assets/ui/interface/shield.svg' remapped 'res://assets/ui/interface/shield.svg' at thread -1
Loading resource: res://assets/ui/interface/health.svg remapped: res://assets/ui/interface/health.svg
Loading resource: res://.godot/imported/health.svg-9e2538933a85ee3944584bc12de5d2f6.ctex remapped: res://.godot/imported/health.svg-9e2538933a85ee3944584bc12de5d2f6.ctex
Completed load for: 'res://assets/ui/interface/health.svg' remapped 'res://assets/ui/interface/health.svg' at thread -1
Loading resource: res://assets/ui/interface/stamina.svg remapped: res://assets/ui/interface/stamina.svg
Loading resource: res://.godot/imported/stamina.svg-ebb69277ea595eb53cdf5d55419ca01f.ctex remapped: res://.godot/imported/stamina.svg-ebb69277ea595eb53cdf5d55419ca01f.ctex
Completed load for: 'res://assets/ui/interface/stamina.svg' remapped 'res://assets/ui/interface/stamina.svg' at thread -1
Loading resource: res://assets/ui/interface/ship.svg remapped: res://assets/ui/interface/ship.svg
Loading resource: res://.godot/imported/ship.svg-7516bd0df26a5ffc2b465afa0ea824fd.ctex remapped: res://.godot/imported/ship.svg-7516bd0df26a5ffc2b465afa0ea824fd.ctex
Completed load for: 'res://assets/ui/interface/ship.svg' remapped 'res://assets/ui/interface/ship.svg' at thread -1
Loading resource: res://assets/ui/interface/inventory.svg remapped: res://assets/ui/interface/inventory.svg
Loading resource: res://.godot/imported/inventory.svg-d3e59fa77c26daaec5e783b93b65b0fd.ctex remapped: res://.godot/imported/inventory.svg-d3e59fa77c26daaec5e783b93b65b0fd.ctex
Completed load for: 'res://assets/ui/interface/inventory.svg' remapped 'res://assets/ui/interface/inventory.svg' at thread -1
Loading resource: res://assets/ui/interface/build.svg remapped: res://assets/ui/interface/build.svg
Loading resource: res://.godot/imported/build.svg-c5baddf2b417851d777233fdfa893303.ctex remapped: res://.godot/imported/build.svg-c5baddf2b417851d777233fdfa893303.ctex
Completed load for: 'res://assets/ui/interface/build.svg' remapped 'res://assets/ui/interface/build.svg' at thread -1
Loading resource: res://assets/ui/interface/scan.svg remapped: res://assets/ui/interface/scan.svg
Loading resource: res://.godot/imported/scan.svg-85e7c9f93dd27397f55e74f9e34efb6e.ctex remapped: res://.godot/imported/scan.svg-85e7c9f93dd27397f55e74f9e34efb6e.ctex
Completed load for: 'res://assets/ui/interface/scan.svg' remapped 'res://assets/ui/interface/scan.svg' at thread -1
Loading resource: res://scripts/ui/expedition_navigation.gd remapped: res://scripts/ui/expedition_navigation.gd
Completed load for: 'res://scripts/ui/expedition_navigation.gd' remapped 'res://scripts/ui/expedition_navigation.gd' at thread -1
Loading resource: res://scripts/ui/galaxy_chart.gd remapped: res://scripts/ui/galaxy_chart.gd
Completed load for: 'res://scripts/ui/galaxy_chart.gd' remapped 'res://scripts/ui/galaxy_chart.gd' at thread -1
Loading resource: res://scripts/ui/galaxy_scene.gd remapped: res://scripts/ui/galaxy_scene.gd
Completed load for: 'res://scripts/ui/galaxy_scene.gd' remapped 'res://scripts/ui/galaxy_scene.gd' at thread -1
Loading resource: res://assets/materials/space/galaxy_disk.gdshader remapped: res://assets/materials/space/galaxy_disk.gdshader
Completed load for: 'res://assets/materials/space/galaxy_disk.gdshader' remapped 'res://assets/materials/space/galaxy_disk.gdshader' at thread -1
Loading cache for shader SceneForwardClusteredShaderRD, variant 0
Loading cache for shader SceneForwardClusteredShaderRD, variant 1
Loading cache for shader SceneForwardClusteredShaderRD, variant 2
Loading cache for shader SceneForwardClusteredShaderRD, variant 3
Loading cache for shader SceneForwardClusteredShaderRD, variant 4
Loading cache for shader SceneForwardClusteredShaderRD, variant 5
Loading cache for shader SceneForwardClusteredShaderRD, variant 6
Loading cache for shader SceneForwardClusteredShaderRD, variant 7
Loading resource: res://assets/models/galactic-core/central_black_hole.glb remapped: res://assets/models/galactic-core/central_black_hole.glb
Loading resource: res://.godot/imported/central_black_hole.glb-d022076c0722ff151bbc922d19338ad4.scn remapped: res://.godot/imported/central_black_hole.glb-d022076c0722ff151bbc922d19338ad4.scn
Loading cache for shader SceneForwardClusteredShaderRD, variant 0
Loading cache for shader SceneForwardClusteredShaderRD, variant 1
Loading cache for shader SceneForwardClusteredShaderRD, variant 2
Loading cache for shader SceneForwardClusteredShaderRD, variant 3
Loading cache for shader SceneForwardClusteredShaderRD, variant 4
Loading cache for shader SceneForwardClusteredShaderRD, variant 5
Loading cache for shader SceneForwardClusteredShaderRD, variant 6
Loading cache for shader SceneForwardClusteredShaderRD, variant 7
Completed load for: 'res://assets/models/galactic-core/central_black_hole.glb' remapped 'res://assets/models/galactic-core/central_black_hole.glb' at thread -1
Loading resource: res://assets/materials/galactic-core/accretion.gdshader remapped: res://assets/materials/galactic-core/accretion.gdshader
Completed load for: 'res://assets/materials/galactic-core/accretion.gdshader' remapped 'res://assets/materials/galactic-core/accretion.gdshader' at thread -1
Loading cache for shader SceneForwardClusteredShaderRD, variant 0
Loading cache for shader SceneForwardClusteredShaderRD, variant 1
Loading cache for shader SceneForwardClusteredShaderRD, variant 2
Loading cache for shader SceneForwardClusteredShaderRD, variant 3
Loading cache for shader SceneForwardClusteredShaderRD, variant 4
Loading cache for shader SceneForwardClusteredShaderRD, variant 5
Loading cache for shader SceneForwardClusteredShaderRD, variant 6
Loading cache for shader SceneForwardClusteredShaderRD, variant 7
Loading resource: res://assets/materials/galactic-core/plasma.gdshader remapped: res://assets/materials/galactic-core/plasma.gdshader
Completed load for: 'res://assets/materials/galactic-core/plasma.gdshader' remapped 'res://assets/materials/galactic-core/plasma.gdshader' at thread -1
Loading cache for shader SceneForwardClusteredShaderRD, variant 0
Loading cache for shader SceneForwardClusteredShaderRD, variant 1
Loading cache for shader SceneForwardClusteredShaderRD, variant 2
Loading cache for shader SceneForwardClusteredShaderRD, variant 3
Loading cache for shader SceneForwardClusteredShaderRD, variant 4
Loading cache for shader SceneForwardClusteredShaderRD, variant 5
Loading cache for shader SceneForwardClusteredShaderRD, variant 6
Loading cache for shader SceneForwardClusteredShaderRD, variant 7
Loading resource: res://assets/models/space/galaxy_map_far.glb remapped: res://assets/models/space/galaxy_map_far.glb
Loading resource: res://.godot/imported/galaxy_map_far.glb-a4874b78595e637472626e6bece4aa61.scn remapped: res://.godot/imported/galaxy_map_far.glb-a4874b78595e637472626e6bece4aa61.scn
Completed load for: 'res://assets/models/space/galaxy_map_far.glb' remapped 'res://assets/models/space/galaxy_map_far.glb' at thread -1
Loading cache for shader SceneForwardClusteredShaderRD, variant 0
Loading cache for shader SceneForwardClusteredShaderRD, variant 1
Loading cache for shader SceneForwardClusteredShaderRD, variant 2
Loading cache for shader SceneForwardClusteredShaderRD, variant 3
Loading cache for shader SceneForwardClusteredShaderRD, variant 4
Loading cache for shader SceneForwardClusteredShaderRD, variant 5
Loading cache for shader SceneForwardClusteredShaderRD, variant 6
Loading cache for shader SceneForwardClusteredShaderRD, variant 7
Loading resource: res://assets/models/space/galaxy_map_medium.glb remapped: res://assets/models/space/galaxy_map_medium.glb
Loading resource: res://.godot/imported/galaxy_map_medium.glb-68a1de513e5e927bc12178fe01faca6d.scn remapped: res://.godot/imported/galaxy_map_medium.glb-68a1de513e5e927bc12178fe01faca6d.scn
Completed load for: 'res://assets/models/space/galaxy_map_medium.glb' remapped 'res://assets/models/space/galaxy_map_medium.glb' at thread -1
Loading resource: res://assets/models/space/galaxy_map.glb remapped: res://assets/models/space/galaxy_map.glb
Loading resource: res://.godot/imported/galaxy_map.glb-6f174233b5c793664f372a733630f2dd.scn remapped: res://.godot/imported/galaxy_map.glb-6f174233b5c793664f372a733630f2dd.scn
Completed load for: 'res://assets/models/space/galaxy_map.glb' remapped 'res://assets/models/space/galaxy_map.glb' at thread -1
Loading resource: res://assets/models/space/navigation_star.glb remapped: res://assets/models/space/navigation_star.glb
Loading resource: res://.godot/imported/navigation_star.glb-2b510cd1f0b6c1a6a379d045bfab5c65.scn remapped: res://.godot/imported/navigation_star.glb-2b510cd1f0b6c1a6a379d045bfab5c65.scn
Completed load for: 'res://assets/models/space/navigation_star.glb' remapped 'res://assets/models/space/navigation_star.glb' at thread -1
Loading resource: res://assets/materials/space/map_star.gdshader remapped: res://assets/materials/space/map_star.gdshader
Completed load for: 'res://assets/materials/space/map_star.gdshader' remapped 'res://assets/materials/space/map_star.gdshader' at thread -1
Loading cache for shader SceneForwardClusteredShaderRD, variant 0
Loading cache for shader SceneForwardClusteredShaderRD, variant 1
Loading cache for shader SceneForwardClusteredShaderRD, variant 2
Loading cache for shader SceneForwardClusteredShaderRD, variant 3
Loading cache for shader SceneForwardClusteredShaderRD, variant 4
Loading cache for shader SceneForwardClusteredShaderRD, variant 5
Loading cache for shader SceneForwardClusteredShaderRD, variant 6
Loading cache for shader SceneForwardClusteredShaderRD, variant 7
Loading resource: res://assets/materials/space/map_star_glow.gdshader remapped: res://assets/materials/space/map_star_glow.gdshader
Completed load for: 'res://assets/materials/space/map_star_glow.gdshader' remapped 'res://assets/materials/space/map_star_glow.gdshader' at thread -1
Loading cache for shader SceneForwardClusteredShaderRD, variant 0
Loading cache for shader SceneForwardClusteredShaderRD, variant 1
Loading cache for shader SceneForwardClusteredShaderRD, variant 2
Loading cache for shader SceneForwardClusteredShaderRD, variant 3
Loading cache for shader SceneForwardClusteredShaderRD, variant 4
Loading cache for shader SceneForwardClusteredShaderRD, variant 5
Loading cache for shader SceneForwardClusteredShaderRD, variant 6
Loading cache for shader SceneForwardClusteredShaderRD, variant 7
Loading resource: res://assets/models/ships/finch.glb remapped: res://assets/models/ships/finch.glb
Loading resource: res://.godot/imported/finch.glb-f4585bf39d4ba86b1ac285cec30e9db2.scn remapped: res://.godot/imported/finch.glb-f4585bf39d4ba86b1ac285cec30e9db2.scn
Completed load for: 'res://assets/models/ships/finch.glb' remapped 'res://assets/models/ships/finch.glb' at thread -1
Loading resource: res://scripts/ui/nearby_stars.gd remapped: res://scripts/ui/nearby_stars.gd
Completed load for: 'res://scripts/ui/nearby_stars.gd' remapped 'res://scripts/ui/nearby_stars.gd' at thread -1
Loading resource: res://assets/materials/effect.gdshader remapped: res://assets/materials/effect.gdshader
Completed load for: 'res://assets/materials/effect.gdshader' remapped 'res://assets/materials/effect.gdshader' at thread -1
Loading cache for shader SceneForwardClusteredShaderRD, variant 0
Loading cache for shader SceneForwardClusteredShaderRD, variant 1
Loading cache for shader SceneForwardClusteredShaderRD, variant 2
Loading cache for shader SceneForwardClusteredShaderRD, variant 3
Loading cache for shader SceneForwardClusteredShaderRD, variant 4
Loading cache for shader SceneForwardClusteredShaderRD, variant 5
Loading cache for shader SceneForwardClusteredShaderRD, variant 6
Loading cache for shader SceneForwardClusteredShaderRD, variant 7
Loading resource: res://assets/materials/intake_flow.gdshader remapped: res://assets/materials/intake_flow.gdshader
Completed load for: 'res://assets/materials/intake_flow.gdshader' remapped 'res://assets/materials/intake_flow.gdshader' at thread -1
Loading cache for shader SceneForwardClusteredShaderRD, variant 0
Loading cache for shader SceneForwardClusteredShaderRD, variant 1
Loading cache for shader SceneForwardClusteredShaderRD, variant 2
Loading cache for shader SceneForwardClusteredShaderRD, variant 3
Loading cache for shader SceneForwardClusteredShaderRD, variant 4
Loading cache for shader SceneForwardClusteredShaderRD, variant 5
Loading cache for shader SceneForwardClusteredShaderRD, variant 6
Loading cache for shader SceneForwardClusteredShaderRD, variant 7
Loading resource: res://assets/materials/survey_shell.gdshader remapped: res://assets/materials/survey_shell.gdshader
Completed load for: 'res://assets/materials/survey_shell.gdshader' remapped 'res://assets/materials/survey_shell.gdshader' at thread -1
Loading cache for shader SceneForwardClusteredShaderRD, variant 0
Loading cache for shader SceneForwardClusteredShaderRD, variant 1
Loading cache for shader SceneForwardClusteredShaderRD, variant 2
Loading cache for shader SceneForwardClusteredShaderRD, variant 3
Loading cache for shader SceneForwardClusteredShaderRD, variant 4
Loading cache for shader SceneForwardClusteredShaderRD, variant 5
Loading cache for shader SceneForwardClusteredShaderRD, variant 6
Loading cache for shader SceneForwardClusteredShaderRD, variant 7
Loading resource: res://assets/materials/survey_surface.gdshader remapped: res://assets/materials/survey_surface.gdshader
Completed load for: 'res://assets/materials/survey_surface.gdshader' remapped 'res://assets/materials/survey_surface.gdshader' at thread -1
Loading cache for shader SceneForwardClusteredShaderRD, variant 0
Loading cache for shader SceneForwardClusteredShaderRD, variant 1
Loading cache for shader SceneForwardClusteredShaderRD, variant 2
Loading cache for shader SceneForwardClusteredShaderRD, variant 3
Loading cache for shader SceneForwardClusteredShaderRD, variant 4
Loading cache for shader SceneForwardClusteredShaderRD, variant 5
Loading cache for shader SceneForwardClusteredShaderRD, variant 6
Loading cache for shader SceneForwardClusteredShaderRD, variant 7
Loading resource: res://assets/models/manual_tool.glb remapped: res://assets/models/manual_tool.glb
Loading resource: res://.godot/imported/manual_tool.glb-25724a7e0ee4b6c3c63a275453429bdb.scn remapped: res://.godot/imported/manual_tool.glb-25724a7e0ee4b6c3c63a275453429bdb.scn
Completed load for: 'res://assets/models/manual_tool.glb' remapped 'res://assets/models/manual_tool.glb' at thread -1
Loading resource: res://assets/materials/firearm_flash.gdshader remapped: res://assets/materials/firearm_flash.gdshader
Completed load for: 'res://assets/materials/firearm_flash.gdshader' remapped 'res://assets/materials/firearm_flash.gdshader' at thread -1
Loading cache for shader SceneForwardClusteredShaderRD, variant 0
Loading cache for shader SceneForwardClusteredShaderRD, variant 1
Loading cache for shader SceneForwardClusteredShaderRD, variant 2
Loading cache for shader SceneForwardClusteredShaderRD, variant 3
Loading cache for shader SceneForwardClusteredShaderRD, variant 4
Loading cache for shader SceneForwardClusteredShaderRD, variant 5
Loading cache for shader SceneForwardClusteredShaderRD, variant 6
Loading cache for shader SceneForwardClusteredShaderRD, variant 7
Loading resource: res://assets/models/vehicles/scout_rover.glb remapped: res://assets/models/vehicles/scout_rover.glb
Loading resource: res://.godot/imported/scout_rover.glb-313a10f3ee92aaaed05ed0ad2f3fa60e.scn remapped: res://.godot/imported/scout_rover.glb-313a10f3ee92aaaed05ed0ad2f3fa60e.scn
Completed load for: 'res://assets/models/vehicles/scout_rover.glb' remapped 'res://assets/models/vehicles/scout_rover.glb' at thread -1
Loading resource: res://assets/ui/previews/scout_rover.png remapped: res://assets/ui/previews/scout_rover.png
Loading resource: res://.godot/imported/scout_rover.png-70ffdc07bd887834964670e1d97d96c5.ctex remapped: res://.godot/imported/scout_rover.png-70ffdc07bd887834964670e1d97d96c5.ctex
WARNING: Image format RGB8 not supported by hardware, converting to RGBA8.
     at: _validate_texture_format (servers/rendering/renderer_rd/storage_rd/texture_storage.cpp:2855)
     GDScript backtrace (most recent call first):
         [0] configure (res://scripts/ui/rover_dock.gd:34)
         [1] configure (res://scripts/app/rover_controller.gd:33)
         [2] _ready (res://scripts/app/crew_expedition.gd:147)
         [3] run (res://tests/check_flight_jetpack_play.gd:14)
Completed load for: 'res://assets/ui/previews/scout_rover.png' remapped 'res://assets/ui/previews/scout_rover.png' at thread -1
Loading resource: res://assets/models/vehicles/scout_rover.glb remapped: res://assets/models/vehicles/scout_rover.glb
Loading resource: res://.godot/imported/scout_rover.glb-313a10f3ee92aaaed05ed0ad2f3fa60e.scn remapped: res://.godot/imported/scout_rover.glb-313a10f3ee92aaaed05ed0ad2f3fa60e.scn
Completed load for: 'res://assets/models/vehicles/scout_rover.glb' remapped 'res://assets/models/vehicles/scout_rover.glb' at thread -1
Loading resource: res://assets/models/crew/augmentation_station.glb remapped: res://assets/models/crew/augmentation_station.glb
Loading resource: res://.godot/imported/augmentation_station.glb-70445a84db6065b366864ce18ce43b49.scn remapped: res://.godot/imported/augmentation_station.glb-70445a84db6065b366864ce18ce43b49.scn
Completed load for: 'res://assets/models/crew/augmentation_station.glb' remapped 'res://assets/models/crew/augmentation_station.glb' at thread -1
Loading resource: res://assets/models/crew/research_station.glb remapped: res://assets/models/crew/research_station.glb
Loading resource: res://.godot/imported/research_station.glb-eacf3b85a81669205cef767a8abe99fa.scn remapped: res://.godot/imported/research_station.glb-eacf3b85a81669205cef767a8abe99fa.scn
Completed load for: 'res://assets/models/crew/research_station.glb' remapped 'res://assets/models/crew/research_station.glb' at thread -1
Loading resource: res://assets/models/crew/augmentation_station.glb remapped: res://assets/models/crew/augmentation_station.glb
Loading resource: res://.godot/imported/augmentation_station.glb-70445a84db6065b366864ce18ce43b49.scn remapped: res://.godot/imported/augmentation_station.glb-70445a84db6065b366864ce18ce43b49.scn
Completed load for: 'res://assets/models/crew/augmentation_station.glb' remapped 'res://assets/models/crew/augmentation_station.glb' at thread -1
Loading resource: res://assets/models/crew/surveyor_augmented.glb remapped: res://assets/models/crew/surveyor_augmented.glb
Loading resource: res://.godot/imported/surveyor_augmented.glb-4ee9da0700f932cecb1153f8c58cd2cb.scn remapped: res://.godot/imported/surveyor_augmented.glb-4ee9da0700f932cecb1153f8c58cd2cb.scn
Completed load for: 'res://assets/models/crew/surveyor_augmented.glb' remapped 'res://assets/models/crew/surveyor_augmented.glb' at thread -1
Loading resource: res://assets/ui/augmentation/mobility.png remapped: res://assets/ui/augmentation/mobility.png
Loading resource: res://.godot/imported/mobility.png-6f5588508a82f96b1ad005141e781f9d.ctex remapped: res://.godot/imported/mobility.png-6f5588508a82f96b1ad005141e781f9d.ctex
WARNING: Image format RGB8 not supported by hardware, converting to RGBA8.
     at: _validate_texture_format (servers/rendering/renderer_rd/storage_rd/texture_storage.cpp:2855)
     GDScript backtrace (most recent call first):
         [0] _ready (res://scripts/ui/augmentation_body.gd:22)
         [1] configure (res://scripts/ui/augmentation_panel.gd:38)
         [2] configure (res://scripts/app/crew_stations.gd:34)
         [3] _ready (res://scripts/app/crew_expedition.gd:148)
         [4] run (res://tests/check_flight_jetpack_play.gd:14)
Completed load for: 'res://assets/ui/augmentation/mobility.png' remapped 'res://assets/ui/augmentation/mobility.png' at thread -1
Loading resource: res://assets/ui/augmentation/combat.png remapped: res://assets/ui/augmentation/combat.png
Loading resource: res://.godot/imported/combat.png-334ff4962383508c3acc93cad5035da8.ctex remapped: res://.godot/imported/combat.png-334ff4962383508c3acc93cad5035da8.ctex
WARNING: Image format RGB8 not supported by hardware, converting to RGBA8.
     at: _validate_texture_format (servers/rendering/renderer_rd/storage_rd/texture_storage.cpp:2855)
     GDScript backtrace (most recent call first):
         [0] _ready (res://scripts/ui/augmentation_body.gd:22)
         [1] configure (res://scripts/ui/augmentation_panel.gd:38)
         [2] configure (res://scripts/app/crew_stations.gd:34)
         [3] _ready (res://scripts/app/crew_expedition.gd:148)
         [4] run (res://tests/check_flight_jetpack_play.gd:14)
Completed load for: 'res://assets/ui/augmentation/combat.png' remapped 'res://assets/ui/augmentation/combat.png' at thread -1
Loading resource: res://assets/ui/augmentation/vitality.png remapped: res://assets/ui/augmentation/vitality.png
Loading resource: res://.godot/imported/vitality.png-f64fd0f3be0f7be1303b1e8777260e43.ctex remapped: res://.godot/imported/vitality.png-f64fd0f3be0f7be1303b1e8777260e43.ctex
WARNING: Image format RGB8 not supported by hardware, converting to RGBA8.
     at: _validate_texture_format (servers/rendering/renderer_rd/storage_rd/texture_storage.cpp:2855)
     GDScript backtrace (most recent call first):
         [0] _ready (res://scripts/ui/augmentation_body.gd:22)
         [1] configure (res://scripts/ui/augmentation_panel.gd:38)
         [2] configure (res://scripts/app/crew_stations.gd:34)
         [3] _ready (res://scripts/app/crew_expedition.gd:148)
         [4] run (res://tests/check_flight_jetpack_play.gd:14)
Completed load for: 'res://assets/ui/augmentation/vitality.png' remapped 'res://assets/ui/augmentation/vitality.png' at thread -1
Loading resource: res://assets/audio/sfx_robot_charge.wav remapped: res://assets/audio/sfx_robot_charge.wav
Loading resource: res://.godot/imported/sfx_robot_charge.wav-4f9ed861916b2ed9c2fdc1eeac449ae3.sample remapped: res://.godot/imported/sfx_robot_charge.wav-4f9ed861916b2ed9c2fdc1eeac449ae3.sample
Completed load for: 'res://assets/audio/sfx_robot_charge.wav' remapped 'res://assets/audio/sfx_robot_charge.wav' at thread -1
Loading resource: res://assets/ui/equipment/manual_tool.png remapped: res://assets/ui/equipment/manual_tool.png
Loading resource: res://.godot/imported/manual_tool.png-0e29f65d8a9bc303382b149fda97f7ef.ctex remapped: res://.godot/imported/manual_tool.png-0e29f65d8a9bc303382b149fda97f7ef.ctex
Completed load for: 'res://assets/ui/equipment/manual_tool.png' remapped 'res://assets/ui/equipment/manual_tool.png' at thread -1
Loading resource: res://assets/models/vehicles/scout_rover.glb remapped: res://assets/models/vehicles/scout_rover.glb
Loading resource: res://.godot/imported/scout_rover.glb-313a10f3ee92aaaed05ed0ad2f3fa60e.scn remapped: res://.godot/imported/scout_rover.glb-313a10f3ee92aaaed05ed0ad2f3fa60e.scn
Completed load for: 'res://assets/models/vehicles/scout_rover.glb' remapped 'res://assets/models/vehicles/scout_rover.glb' at thread -1
Loading resource: res://assets/models/lotus/heron.glb remapped: res://assets/models/lotus/heron.glb
Loading resource: res://.godot/imported/heron.glb-0bf2b1ef7048f2ccd031994438ce2b13.scn remapped: res://.godot/imported/heron.glb-0bf2b1ef7048f2ccd031994438ce2b13.scn
Completed load for: 'res://assets/models/lotus/heron.glb' remapped 'res://assets/models/lotus/heron.glb' at thread -1
Loading resource: res://assets/ui/corporations/lotus.svg remapped: res://assets/ui/corporations/lotus.svg
Loading resource: res://.godot/imported/lotus.svg-adc2942488e5c78dfdfe845bfe978049.ctex remapped: res://.godot/imported/lotus.svg-adc2942488e5c78dfdfe845bfe978049.ctex
Completed load for: 'res://assets/ui/corporations/lotus.svg' remapped 'res://assets/ui/corporations/lotus.svg' at thread -1
Loading resource: res://assets/models/vehicles/scout_rover.glb remapped: res://assets/models/vehicles/scout_rover.glb
Loading resource: res://.godot/imported/scout_rover.glb-313a10f3ee92aaaed05ed0ad2f3fa60e.scn remapped: res://.godot/imported/scout_rover.glb-313a10f3ee92aaaed05ed0ad2f3fa60e.scn
Completed load for: 'res://assets/models/vehicles/scout_rover.glb' remapped 'res://assets/models/vehicles/scout_rover.glb' at thread -1
Loading resource: res://scripts/app/planet_arrival.gd remapped: res://scripts/app/planet_arrival.gd
Completed load for: 'res://scripts/app/planet_arrival.gd' remapped 'res://scripts/app/planet_arrival.gd' at thread -1
Loading resource: res://assets/materials/space/arrival_cloud.gdshader remapped: res://assets/materials/space/arrival_cloud.gdshader
Loading resource: res://assets/materials/space/arrival_smoke.gdshaderinc remapped: res://assets/materials/space/arrival_smoke.gdshaderinc
Completed load for: 'res://assets/materials/space/arrival_smoke.gdshaderinc' remapped 'res://assets/materials/space/arrival_smoke.gdshaderinc' at thread -1
Completed load for: 'res://assets/materials/space/arrival_cloud.gdshader' remapped 'res://assets/materials/space/arrival_cloud.gdshader' at thread -1
Loading cache for shader CanvasShaderRD, variant 0
Loading cache for shader CanvasShaderRD, variant 1
Loading cache for shader CanvasShaderRD, variant 2
Loading cache for shader CanvasShaderRD, variant 3
Loading cache for shader CanvasShaderRD, variant 4
Loading cache for shader CanvasShaderRD, variant 5
Loading resource: res://assets/materials/space/arrival_flow.gdshader remapped: res://assets/materials/space/arrival_flow.gdshader
Completed load for: 'res://assets/materials/space/arrival_flow.gdshader' remapped 'res://assets/materials/space/arrival_flow.gdshader' at thread -1
Loading cache for shader CanvasShaderRD, variant 0
Loading cache for shader CanvasShaderRD, variant 1
Loading cache for shader CanvasShaderRD, variant 2
Loading cache for shader CanvasShaderRD, variant 3
Loading cache for shader CanvasShaderRD, variant 4
Loading cache for shader CanvasShaderRD, variant 5
Loading resource: res://assets/audio/sfx_landing_thrusters.wav remapped: res://assets/audio/sfx_landing_thrusters.wav
Loading resource: res://.godot/imported/sfx_landing_thrusters.wav-9275e950ad0019fd42bf7afde68fae4e.sample remapped: res://.godot/imported/sfx_landing_thrusters.wav-9275e950ad0019fd42bf7afde68fae4e.sample
Completed load for: 'res://assets/audio/sfx_landing_thrusters.wav' remapped 'res://assets/audio/sfx_landing_thrusters.wav' at thread -1
Loading resource: res://assets/audio/sfx_atmosphere_entry.wav remapped: res://assets/audio/sfx_atmosphere_entry.wav
Loading resource: res://.godot/imported/sfx_atmosphere_entry.wav-787353ad3cee50b613cb1b8af3f3b28a.sample remapped: res://.godot/imported/sfx_atmosphere_entry.wav-787353ad3cee50b613cb1b8af3f3b28a.sample
Completed load for: 'res://assets/audio/sfx_atmosphere_entry.wav' remapped 'res://assets/audio/sfx_atmosphere_entry.wav' at thread -1
Loading resource: res://assets/audio/sfx_landing_grit_v2.wav remapped: res://assets/audio/sfx_landing_grit_v2.wav
Loading resource: res://.godot/imported/sfx_landing_grit_v2.wav-c0e8a7153e9856c0df6452c4228457ef.sample remapped: res://.godot/imported/sfx_landing_grit_v2.wav-c0e8a7153e9856c0df6452c4228457ef.sample
Completed load for: 'res://assets/audio/sfx_landing_grit_v2.wav' remapped 'res://assets/audio/sfx_landing_grit_v2.wav' at thread -1
Loading resource: res://assets/audio/sfx_landing_cooling_v2.wav remapped: res://assets/audio/sfx_landing_cooling_v2.wav
Loading resource: res://.godot/imported/sfx_landing_cooling_v2.wav-530a34b35966d5b41152a0179e530fb6.sample remapped: res://.godot/imported/sfx_landing_cooling_v2.wav-530a34b35966d5b41152a0179e530fb6.sample
Completed load for: 'res://assets/audio/sfx_landing_cooling_v2.wav' remapped 'res://assets/audio/sfx_landing_cooling_v2.wav' at thread -1
Loading resource: res://assets/audio/amb_barren_wind.wav remapped: res://assets/audio/amb_barren_wind.wav
Loading resource: res://.godot/imported/amb_barren_wind.wav-9d60fad2c3804c2802739bb4daaa9f98.sample remapped: res://.godot/imported/amb_barren_wind.wav-9d60fad2c3804c2802739bb4daaa9f98.sample
Completed load for: 'res://assets/audio/amb_barren_wind.wav' remapped 'res://assets/audio/amb_barren_wind.wav' at thread -1
Loading resource: res://scripts/app/expedition_audio.gd remapped: res://scripts/app/expedition_audio.gd
Completed load for: 'res://scripts/app/expedition_audio.gd' remapped 'res://scripts/app/expedition_audio.gd' at thread -1
Loading resource: res://assets/audio/music_stellar_v1.mp3 remapped: res://assets/audio/music_stellar_v1.mp3
Loading resource: res://.godot/imported/music_stellar_v1.mp3-602b9e18e1dc78a240c944f19b10b60d.mp3str remapped: res://.godot/imported/music_stellar_v1.mp3-602b9e18e1dc78a240c944f19b10b60d.mp3str
Completed load for: 'res://assets/audio/music_stellar_v1.mp3' remapped 'res://assets/audio/music_stellar_v1.mp3' at thread -1
Loading resource: res://assets/audio/music_planet_v1.mp3 remapped: res://assets/audio/music_planet_v1.mp3
Loading resource: res://.godot/imported/music_planet_v1.mp3-5521768cb6e471b698735c1ed35fa7a2.mp3str remapped: res://.godot/imported/music_planet_v1.mp3-5521768cb6e471b698735c1ed35fa7a2.mp3str
Completed load for: 'res://assets/audio/music_planet_v1.mp3' remapped 'res://assets/audio/music_planet_v1.mp3' at thread -1
Loading resource: res://assets/audio/music_discovery_v2.mp3 remapped: res://assets/audio/music_discovery_v2.mp3
Loading resource: res://.godot/imported/music_discovery_v2.mp3-7a716ea87472f6be014569f926c44b8f.mp3str remapped: res://.godot/imported/music_discovery_v2.mp3-7a716ea87472f6be014569f926c44b8f.mp3str
Completed load for: 'res://assets/audio/music_discovery_v2.mp3' remapped 'res://assets/audio/music_discovery_v2.mp3' at thread -1
Loading resource: res://assets/audio/music_danger_v2.mp3 remapped: res://assets/audio/music_danger_v2.mp3
Loading resource: res://.godot/imported/music_danger_v2.mp3-cfe8a9beb6f529cfe5606d204e9e0956.mp3str remapped: res://.godot/imported/music_danger_v2.mp3-cfe8a9beb6f529cfe5606d204e9e0956.mp3str
Completed load for: 'res://assets/audio/music_danger_v2.mp3' remapped 'res://assets/audio/music_danger_v2.mp3' at thread -1
Loading resource: res://assets/audio/music_planet_t1_v1.mp3 remapped: res://assets/audio/music_planet_t1_v1.mp3
Loading resource: res://.godot/imported/music_planet_t1_v1.mp3-4a29bd4ae92755e08d560987dfd2f8d4.mp3str remapped: res://.godot/imported/music_planet_t1_v1.mp3-4a29bd4ae92755e08d560987dfd2f8d4.mp3str
Completed load for: 'res://assets/audio/music_planet_t1_v1.mp3' remapped 'res://assets/audio/music_planet_t1_v1.mp3' at thread -1
Loading resource: res://assets/audio/music_planet_t2_v1.mp3 remapped: res://assets/audio/music_planet_t2_v1.mp3
Loading resource: res://.godot/imported/music_planet_t2_v1.mp3-23104af427f8a85975a87ce3485d817c.mp3str remapped: res://.godot/imported/music_planet_t2_v1.mp3-23104af427f8a85975a87ce3485d817c.mp3str
Completed load for: 'res://assets/audio/music_planet_t2_v1.mp3' remapped 'res://assets/audio/music_planet_t2_v1.mp3' at thread -1
Loading resource: res://assets/audio/music_planet_t3_v1.mp3 remapped: res://assets/audio/music_planet_t3_v1.mp3
Loading resource: res://.godot/imported/music_planet_t3_v1.mp3-aaa0e01ae8fb18320c40e767f25126bf.mp3str remapped: res://.godot/imported/music_planet_t3_v1.mp3-aaa0e01ae8fb18320c40e767f25126bf.mp3str
Completed load for: 'res://assets/audio/music_planet_t3_v1.mp3' remapped 'res://assets/audio/music_planet_t3_v1.mp3' at thread -1
Loading resource: res://assets/audio/music_planet_t4_v1.mp3 remapped: res://assets/audio/music_planet_t4_v1.mp3
Loading resource: res://.godot/imported/music_planet_t4_v1.mp3-41c3d7e9ee71944a1c8a035a4265cf6c.mp3str remapped: res://.godot/imported/music_planet_t4_v1.mp3-41c3d7e9ee71944a1c8a035a4265cf6c.mp3str
Completed load for: 'res://assets/audio/music_planet_t4_v1.mp3' remapped 'res://assets/audio/music_planet_t4_v1.mp3' at thread -1
Loading resource: res://assets/audio/music_planet_t5_v1.mp3 remapped: res://assets/audio/music_planet_t5_v1.mp3
Loading resource: res://.godot/imported/music_planet_t5_v1.mp3-4a2e7af1207d62124ff114acba27608f.mp3str remapped: res://.godot/imported/music_planet_t5_v1.mp3-4a2e7af1207d62124ff114acba27608f.mp3str
Completed load for: 'res://assets/audio/music_planet_t5_v1.mp3' remapped 'res://assets/audio/music_planet_t5_v1.mp3' at thread -1
Loading resource: res://scripts/app/loading.gd remapped: res://scripts/app/loading.gd
Completed load for: 'res://scripts/app/loading.gd' remapped 'res://scripts/app/loading.gd' at thread -1
Loading resource: res://assets/ui/previews/gun_carbine.png remapped: res://assets/ui/previews/gun_carbine.png
Loading resource: res://.godot/imported/gun_carbine.png-4255a172a54ad28cf516e49b4d204f1c.ctex remapped: res://.godot/imported/gun_carbine.png-4255a172a54ad28cf516e49b4d204f1c.ctex
Completed load for: 'res://assets/ui/previews/gun_carbine.png' remapped 'res://assets/ui/previews/gun_carbine.png' at thread -1
MultiUmaBuffer 'RENDER_LIST_ALPHA' used a total of 0 buffers. A large number may indicate a waste of VRAM and can be brought down by tweaking MAX_EXTRA_BUFFERS for this buffer.
Loading resource: res://assets/materials/space/sky.gdshader remapped: res://assets/materials/space/sky.gdshader
Loading resource: res://assets/materials/space/starfield.gdshaderinc remapped: res://assets/materials/space/starfield.gdshaderinc
Completed load for: 'res://assets/materials/space/starfield.gdshaderinc' remapped 'res://assets/materials/space/starfield.gdshaderinc' at thread -1
Completed load for: 'res://assets/materials/space/sky.gdshader' remapped 'res://assets/materials/space/sky.gdshader' at thread -1
Loading cache for shader SkyShaderRD, variant 0
Loading cache for shader SkyShaderRD, variant 1
Loading cache for shader SkyShaderRD, variant 2
Loading cache for shader SkyShaderRD, variant 3
Loading cache for shader SkyShaderRD, variant 4
Loading cache for shader SkyShaderRD, variant 5
Loading resource: res://assets/models/ships/kestrel.glb remapped: res://assets/models/ships/kestrel.glb
Loading resource: res://.godot/imported/kestrel.glb-0586361c5f34ad960b6313cbe66f36d7.scn remapped: res://.godot/imported/kestrel.glb-0586361c5f34ad960b6313cbe66f36d7.scn
Completed load for: 'res://assets/models/ships/kestrel.glb' remapped 'res://assets/models/ships/kestrel.glb' at thread -1
Loading cache for shader ParticlesShaderRD, variant 0
Loading resource: res://assets/materials/space/exhaust.gdshader remapped: res://assets/materials/space/exhaust.gdshader
Completed load for: 'res://assets/materials/space/exhaust.gdshader' remapped 'res://assets/materials/space/exhaust.gdshader' at thread -1
Loading cache for shader SceneForwardClusteredShaderRD, variant 0
Loading cache for shader SceneForwardClusteredShaderRD, variant 1
Loading cache for shader SceneForwardClusteredShaderRD, variant 2
Loading cache for shader SceneForwardClusteredShaderRD, variant 3
Loading cache for shader SceneForwardClusteredShaderRD, variant 4
Loading cache for shader SceneForwardClusteredShaderRD, variant 5
Loading cache for shader SceneForwardClusteredShaderRD, variant 6
Loading cache for shader SceneForwardClusteredShaderRD, variant 7
Loading resource: res://assets/models/space/attitude_nozzle.glb remapped: res://assets/models/space/attitude_nozzle.glb
Loading resource: res://.godot/imported/attitude_nozzle.glb-889789bbe7aaa3709ca9b71e7c2a2240.scn remapped: res://.godot/imported/attitude_nozzle.glb-889789bbe7aaa3709ca9b71e7c2a2240.scn
Completed load for: 'res://assets/models/space/attitude_nozzle.glb' remapped 'res://assets/models/space/attitude_nozzle.glb' at thread -1
Loading resource: res://scripts/ui/stellar_transit_overlay.gd remapped: res://scripts/ui/stellar_transit_overlay.gd
Loading resource: res://assets/ui/corporations/space_y.svg remapped: res://assets/ui/corporations/space_y.svg
Loading resource: res://.godot/imported/space_y.svg-0e75720255f594e1cfb5ee6a3d0411d8.ctex remapped: res://.godot/imported/space_y.svg-0e75720255f594e1cfb5ee6a3d0411d8.ctex
Completed load for: 'res://assets/ui/corporations/space_y.svg' remapped 'res://assets/ui/corporations/space_y.svg' at thread -1
Completed load for: 'res://scripts/ui/stellar_transit_overlay.gd' remapped 'res://scripts/ui/stellar_transit_overlay.gd' at thread -1
Loading resource: res://assets/audio/sfx_orbital_scan.wav remapped: res://assets/audio/sfx_orbital_scan.wav
Loading resource: res://.godot/imported/sfx_orbital_scan.wav-0083f2c1b86e6103cd48f44ac2ac0d9e.sample remapped: res://.godot/imported/sfx_orbital_scan.wav-0083f2c1b86e6103cd48f44ac2ac0d9e.sample
Completed load for: 'res://assets/audio/sfx_orbital_scan.wav' remapped 'res://assets/audio/sfx_orbital_scan.wav' at thread -1
Loading resource: res://assets/audio/sfx_vessel_reactor_v2.wav remapped: res://assets/audio/sfx_vessel_reactor_v2.wav
Loading resource: res://.godot/imported/sfx_vessel_reactor_v2.wav-56365d2957bcb9c5b1af4e5ba8e7b1cc.sample remapped: res://.godot/imported/sfx_vessel_reactor_v2.wav-56365d2957bcb9c5b1af4e5ba8e7b1cc.sample
Completed load for: 'res://assets/audio/sfx_vessel_reactor_v2.wav' remapped 'res://assets/audio/sfx_vessel_reactor_v2.wav' at thread -1
Loading resource: res://assets/audio/sfx_vessel_engine.wav remapped: res://assets/audio/sfx_vessel_engine.wav
Loading resource: res://.godot/imported/sfx_vessel_engine.wav-9b0660611ff1ba044cbb31caa0b3df45.sample remapped: res://.godot/imported/sfx_vessel_engine.wav-9b0660611ff1ba044cbb31caa0b3df45.sample
Completed load for: 'res://assets/audio/sfx_vessel_engine.wav' remapped 'res://assets/audio/sfx_vessel_engine.wav' at thread -1
Loading resource: res://assets/audio/sfx_finch_turbine_v2.wav remapped: res://assets/audio/sfx_finch_turbine_v2.wav
Loading resource: res://.godot/imported/sfx_finch_turbine_v2.wav-484c61a2cdee8081a0b05a3d91039e54.sample remapped: res://.godot/imported/sfx_finch_turbine_v2.wav-484c61a2cdee8081a0b05a3d91039e54.sample
Completed load for: 'res://assets/audio/sfx_finch_turbine_v2.wav' remapped 'res://assets/audio/sfx_finch_turbine_v2.wav' at thread -1
Loading resource: res://assets/audio/sfx_vessel_exhaust_v2.wav remapped: res://assets/audio/sfx_vessel_exhaust_v2.wav
Loading resource: res://.godot/imported/sfx_vessel_exhaust_v2.wav-9da9759a7b75f649d098f9e2109f86da.sample remapped: res://.godot/imported/sfx_vessel_exhaust_v2.wav-9da9759a7b75f649d098f9e2109f86da.sample
Completed load for: 'res://assets/audio/sfx_vessel_exhaust_v2.wav' remapped 'res://assets/audio/sfx_vessel_exhaust_v2.wav' at thread -1
Loading resource: res://assets/models/ships/pirate_raider.glb remapped: res://assets/models/ships/pirate_raider.glb
Loading resource: res://.godot/imported/pirate_raider.glb-27354c014d36bb607953c8476add6ac4.scn remapped: res://.godot/imported/pirate_raider.glb-27354c014d36bb607953c8476add6ac4.scn
Completed load for: 'res://assets/models/ships/pirate_raider.glb' remapped 'res://assets/models/ships/pirate_raider.glb' at thread -1
Loading resource: res://assets/models/ships/pirate_raider_lod1.glb remapped: res://assets/models/ships/pirate_raider_lod1.glb
Loading resource: res://.godot/imported/pirate_raider_lod1.glb-b427f0aebb1be1752cb6cb553cfa88c2.scn remapped: res://.godot/imported/pirate_raider_lod1.glb-b427f0aebb1be1752cb6cb553cfa88c2.scn
Completed load for: 'res://assets/models/ships/pirate_raider_lod1.glb' remapped 'res://assets/models/ships/pirate_raider_lod1.glb' at thread -1
Loading resource: res://assets/models/ships/pirate_interdictor.glb remapped: res://assets/models/ships/pirate_interdictor.glb
Loading resource: res://.godot/imported/pirate_interdictor.glb-2832efaaccdee4870a59a779439f9982.scn remapped: res://.godot/imported/pirate_interdictor.glb-2832efaaccdee4870a59a779439f9982.scn
Completed load for: 'res://assets/models/ships/pirate_interdictor.glb' remapped 'res://assets/models/ships/pirate_interdictor.glb' at thread -1
Loading resource: res://assets/models/ships/pirate_interdictor_lod1.glb remapped: res://assets/models/ships/pirate_interdictor_lod1.glb
Loading resource: res://.godot/imported/pirate_interdictor_lod1.glb-7be0481130e5754c6ef0223441953f7b.scn remapped: res://.godot/imported/pirate_interdictor_lod1.glb-7be0481130e5754c6ef0223441953f7b.scn
Completed load for: 'res://assets/models/ships/pirate_interdictor_lod1.glb' remapped 'res://assets/models/ships/pirate_interdictor_lod1.glb' at thread -1
Loading resource: res://assets/models/ships/pirate_gunship.glb remapped: res://assets/models/ships/pirate_gunship.glb
Loading resource: res://.godot/imported/pirate_gunship.glb-297a284b6bd4b56b876a387eece36a3d.scn remapped: res://.godot/imported/pirate_gunship.glb-297a284b6bd4b56b876a387eece36a3d.scn
Completed load for: 'res://assets/models/ships/pirate_gunship.glb' remapped 'res://assets/models/ships/pirate_gunship.glb' at thread -1
Loading resource: res://assets/models/ships/pirate_gunship_lod1.glb remapped: res://assets/models/ships/pirate_gunship_lod1.glb
Loading resource: res://.godot/imported/pirate_gunship_lod1.glb-36a79f8f38a8c84a27a0a862442b1da0.scn remapped: res://.godot/imported/pirate_gunship_lod1.glb-36a79f8f38a8c84a27a0a862442b1da0.scn
Completed load for: 'res://assets/models/ships/pirate_gunship_lod1.glb' remapped 'res://assets/models/ships/pirate_gunship_lod1.glb' at thread -1
Loading resource: res://assets/models/ships/expedition_pulse_mount.glb remapped: res://assets/models/ships/expedition_pulse_mount.glb
Loading resource: res://.godot/imported/expedition_pulse_mount.glb-f6930022375debe1268a2271f6140395.scn remapped: res://.godot/imported/expedition_pulse_mount.glb-f6930022375debe1268a2271f6140395.scn
Completed load for: 'res://assets/models/ships/expedition_pulse_mount.glb' remapped 'res://assets/models/ships/expedition_pulse_mount.glb' at thread -1
Loading resource: res://assets/models/ships/expedition_missile_mount.glb remapped: res://assets/models/ships/expedition_missile_mount.glb
Loading resource: res://.godot/imported/expedition_missile_mount.glb-a3a2a729ec745de852b932d2f85132ee.scn remapped: res://.godot/imported/expedition_missile_mount.glb-a3a2a729ec745de852b932d2f85132ee.scn
Completed load for: 'res://assets/models/ships/expedition_missile_mount.glb' remapped 'res://assets/models/ships/expedition_missile_mount.glb' at thread -1
Loading resource: res://assets/models/ships/ship_missile.glb remapped: res://assets/models/ships/ship_missile.glb
Loading resource: res://.godot/imported/ship_missile.glb-a3484b59062c60c1577ba5ed204ae07c.scn remapped: res://.godot/imported/ship_missile.glb-a3484b59062c60c1577ba5ed204ae07c.scn
Completed load for: 'res://assets/models/ships/ship_missile.glb' remapped 'res://assets/models/ships/ship_missile.glb' at thread -1
Loading resource: res://assets/models/ships/lost_freight_pod.glb remapped: res://assets/models/ships/lost_freight_pod.glb
Loading resource: res://.godot/imported/lost_freight_pod.glb-621ea819d11e424e513d3e82a9d1307b.scn remapped: res://.godot/imported/lost_freight_pod.glb-621ea819d11e424e513d3e82a9d1307b.scn
Completed load for: 'res://assets/models/ships/lost_freight_pod.glb' remapped 'res://assets/models/ships/lost_freight_pod.glb' at thread -1
Loading cache for shader SceneForwardClusteredShaderRD, variant 0
Loading cache for shader SceneForwardClusteredShaderRD, variant 1
Loading cache for shader SceneForwardClusteredShaderRD, variant 2
Loading cache for shader SceneForwardClusteredShaderRD, variant 3
Loading cache for shader SceneForwardClusteredShaderRD, variant 4
Loading cache for shader SceneForwardClusteredShaderRD, variant 5
Loading cache for shader SceneForwardClusteredShaderRD, variant 6
Loading cache for shader SceneForwardClusteredShaderRD, variant 7
Loading resource: res://assets/models/ships/combat_decoy.glb remapped: res://assets/models/ships/combat_decoy.glb
Loading resource: res://.godot/imported/combat_decoy.glb-b27377d99e17ba1049d87a52b6ad9e4b.scn remapped: res://.godot/imported/combat_decoy.glb-b27377d99e17ba1049d87a52b6ad9e4b.scn
Completed load for: 'res://assets/models/ships/combat_decoy.glb' remapped 'res://assets/models/ships/combat_decoy.glb' at thread -1
Loading resource: res://assets/models/ships/combat_mine.glb remapped: res://assets/models/ships/combat_mine.glb
Loading resource: res://.godot/imported/combat_mine.glb-914667b697854f5cd836d21671fcc9d2.scn remapped: res://.godot/imported/combat_mine.glb-914667b697854f5cd836d21671fcc9d2.scn
Completed load for: 'res://assets/models/ships/combat_mine.glb' remapped 'res://assets/models/ships/combat_mine.glb' at thread -1
Loading resource: res://assets/models/ships/combat_skill_emitter.glb remapped: res://assets/models/ships/combat_skill_emitter.glb
Loading resource: res://.godot/imported/combat_skill_emitter.glb-3acc5c85cd0d69192d90fcc7b53b2b9c.scn remapped: res://.godot/imported/combat_skill_emitter.glb-3acc5c85cd0d69192d90fcc7b53b2b9c.scn
Completed load for: 'res://assets/models/ships/combat_skill_emitter.glb' remapped 'res://assets/models/ships/combat_skill_emitter.glb' at thread -1
Loading cache for shader SceneForwardClusteredShaderRD, variant 0
Loading cache for shader SceneForwardClusteredShaderRD, variant 1
Loading cache for shader SceneForwardClusteredShaderRD, variant 2
Loading cache for shader SceneForwardClusteredShaderRD, variant 3
Loading cache for shader SceneForwardClusteredShaderRD, variant 4
Loading cache for shader SceneForwardClusteredShaderRD, variant 5
Loading cache for shader SceneForwardClusteredShaderRD, variant 6
Loading cache for shader SceneForwardClusteredShaderRD, variant 7
Loading cache for shader SceneForwardClusteredShaderRD, variant 0
Loading cache for shader SceneForwardClusteredShaderRD, variant 1
Loading cache for shader SceneForwardClusteredShaderRD, variant 2
Loading cache for shader SceneForwardClusteredShaderRD, variant 3
Loading cache for shader SceneForwardClusteredShaderRD, variant 4
Loading cache for shader SceneForwardClusteredShaderRD, variant 5
Loading cache for shader SceneForwardClusteredShaderRD, variant 6
Loading cache for shader SceneForwardClusteredShaderRD, variant 7
Loading resource: res://assets/audio/sfx_shield_break.wav remapped: res://assets/audio/sfx_shield_break.wav
Loading resource: res://.godot/imported/sfx_shield_break.wav-e9a2afbecc889179d6a878198c9ac70b.sample remapped: res://.godot/imported/sfx_shield_break.wav-e9a2afbecc889179d6a878198c9ac70b.sample
Completed load for: 'res://assets/audio/sfx_shield_break.wav' remapped 'res://assets/audio/sfx_shield_break.wav' at thread -1
Loading resource: res://assets/audio/sfx_vessel_boost.wav remapped: res://assets/audio/sfx_vessel_boost.wav
Loading resource: res://.godot/imported/sfx_vessel_boost.wav-bebfebd1cc07581ca33a282594e93e71.sample remapped: res://.godot/imported/sfx_vessel_boost.wav-bebfebd1cc07581ca33a282594e93e71.sample
Completed load for: 'res://assets/audio/sfx_vessel_boost.wav' remapped 'res://assets/audio/sfx_vessel_boost.wav' at thread -1
Loading resource: res://assets/audio/sfx_gun_ship_pulse.wav remapped: res://assets/audio/sfx_gun_ship_pulse.wav
Loading resource: res://.godot/imported/sfx_gun_ship_pulse.wav-095ad126d06311f616c7d1430d433a51.sample remapped: res://.godot/imported/sfx_gun_ship_pulse.wav-095ad126d06311f616c7d1430d433a51.sample
Completed load for: 'res://assets/audio/sfx_gun_ship_pulse.wav' remapped 'res://assets/audio/sfx_gun_ship_pulse.wav' at thread -1
Loading resource: res://assets/audio/ui_discovery.wav remapped: res://assets/audio/ui_discovery.wav
Loading resource: res://.godot/imported/ui_discovery.wav-84cf901834913b86660459b02b7dbb42.sample remapped: res://.godot/imported/ui_discovery.wav-84cf901834913b86660459b02b7dbb42.sample
Completed load for: 'res://assets/audio/ui_discovery.wav' remapped 'res://assets/audio/ui_discovery.wav' at thread -1
Loading resource: res://assets/audio/sfx_pirate_contact_warning.wav remapped: res://assets/audio/sfx_pirate_contact_warning.wav
Loading resource: res://.godot/imported/sfx_pirate_contact_warning.wav-25f569ecd790a24604c8b953c180d8f1.sample remapped: res://.godot/imported/sfx_pirate_contact_warning.wav-25f569ecd790a24604c8b953c180d8f1.sample
Completed load for: 'res://assets/audio/sfx_pirate_contact_warning.wav' remapped 'res://assets/audio/sfx_pirate_contact_warning.wav' at thread -1
Loading resource: res://assets/audio/sfx_gun_impact.wav remapped: res://assets/audio/sfx_gun_impact.wav
Loading resource: res://.godot/imported/sfx_gun_impact.wav-557ffef5089b0d8296007aec0d222663.sample remapped: res://.godot/imported/sfx_gun_impact.wav-557ffef5089b0d8296007aec0d222663.sample
Completed load for: 'res://assets/audio/sfx_gun_impact.wav' remapped 'res://assets/audio/sfx_gun_impact.wav' at thread -1
Loading resource: res://assets/audio/sfx_mine_break.wav remapped: res://assets/audio/sfx_mine_break.wav
Loading resource: res://.godot/imported/sfx_mine_break.wav-6245ee6c3416e013bc2e0d95b5db5a5e.sample remapped: res://.godot/imported/sfx_mine_break.wav-6245ee6c3416e013bc2e0d95b5db5a5e.sample
Completed load for: 'res://assets/audio/sfx_mine_break.wav' remapped 'res://assets/audio/sfx_mine_break.wav' at thread -1
Loading resource: res://assets/audio/sfx_pickup_resource.wav remapped: res://assets/audio/sfx_pickup_resource.wav
Loading resource: res://.godot/imported/sfx_pickup_resource.wav-05edf183e5bf5c2898770edfad483ee8.sample remapped: res://.godot/imported/sfx_pickup_resource.wav-05edf183e5bf5c2898770edfad483ee8.sample
Completed load for: 'res://assets/audio/sfx_pickup_resource.wav' remapped 'res://assets/audio/sfx_pickup_resource.wav' at thread -1
Loading resource: res://assets/audio/sfx_vessel_brake.wav remapped: res://assets/audio/sfx_vessel_brake.wav
Loading resource: res://.godot/imported/sfx_vessel_brake.wav-45e06e287e6a351ef19d056933cae1a8.sample remapped: res://.godot/imported/sfx_vessel_brake.wav-45e06e287e6a351ef19d056933cae1a8.sample
Completed load for: 'res://assets/audio/sfx_vessel_brake.wav' remapped 'res://assets/audio/sfx_vessel_brake.wav' at thread -1
Loading resource: res://assets/audio/sfx_combat_pulse.wav remapped: res://assets/audio/sfx_combat_pulse.wav
Loading resource: res://.godot/imported/sfx_combat_pulse.wav-433f70a2e66c4de5b6477a5943d9a6e0.sample remapped: res://.godot/imported/sfx_combat_pulse.wav-433f70a2e66c4de5b6477a5943d9a6e0.sample
Completed load for: 'res://assets/audio/sfx_combat_pulse.wav' remapped 'res://assets/audio/sfx_combat_pulse.wav' at thread -1
Loading resource: res://assets/audio/sfx_ship_missile_launch_v2.wav remapped: res://assets/audio/sfx_ship_missile_launch_v2.wav
Loading resource: res://.godot/imported/sfx_ship_missile_launch_v2.wav-c18d06d4424cb2ec624509566914b3ef.sample remapped: res://.godot/imported/sfx_ship_missile_launch_v2.wav-c18d06d4424cb2ec624509566914b3ef.sample
Completed load for: 'res://assets/audio/sfx_ship_missile_launch_v2.wav' remapped 'res://assets/audio/sfx_ship_missile_launch_v2.wav' at thread -1
Loading resource: res://assets/audio/sfx_ship_missile_blast_v2.wav remapped: res://assets/audio/sfx_ship_missile_blast_v2.wav
Loading resource: res://.godot/imported/sfx_ship_missile_blast_v2.wav-5c0b15b144d93d717a702eb404591361.sample remapped: res://.godot/imported/sfx_ship_missile_blast_v2.wav-5c0b15b144d93d717a702eb404591361.sample
Completed load for: 'res://assets/audio/sfx_ship_missile_blast_v2.wav' remapped 'res://assets/audio/sfx_ship_missile_blast_v2.wav' at thread -1
Loading resource: res://assets/audio/sfx_ship_hull_collision.wav remapped: res://assets/audio/sfx_ship_hull_collision.wav
Loading resource: res://.godot/imported/sfx_ship_hull_collision.wav-b7829f23a75abd7191cc4372ddb56c82.sample remapped: res://.godot/imported/sfx_ship_hull_collision.wav-b7829f23a75abd7191cc4372ddb56c82.sample
Completed load for: 'res://assets/audio/sfx_ship_hull_collision.wav' remapped 'res://assets/audio/sfx_ship_hull_collision.wav' at thread -1
Loading resource: res://scripts/ui/space_combat_hud.gd remapped: res://scripts/ui/space_combat_hud.gd
Completed load for: 'res://scripts/ui/space_combat_hud.gd' remapped 'res://scripts/ui/space_combat_hud.gd' at thread -1
Loading resource: res://assets/ui/interface/ship_cannon.svg remapped: res://assets/ui/interface/ship_cannon.svg
Loading resource: res://.godot/imported/ship_cannon.svg-6e56e3a26609c4f0e4af468f59547689.ctex remapped: res://.godot/imported/ship_cannon.svg-6e56e3a26609c4f0e4af468f59547689.ctex
Completed load for: 'res://assets/ui/interface/ship_cannon.svg' remapped 'res://assets/ui/interface/ship_cannon.svg' at thread -1
Loading resource: res://assets/ui/interface/ship_missile.svg remapped: res://assets/ui/interface/ship_missile.svg
Loading resource: res://.godot/imported/ship_missile.svg-5d9b7b22fe93499506c909229f674dd1.ctex remapped: res://.godot/imported/ship_missile.svg-5d9b7b22fe93499506c909229f674dd1.ctex
Completed load for: 'res://assets/ui/interface/ship_missile.svg' remapped 'res://assets/ui/interface/ship_missile.svg' at thread -1
Loading resource: res://assets/materials/space/planet.gdshader remapped: res://assets/materials/space/planet.gdshader
Loading resource: res://assets/materials/space/terraform_field.gdshaderinc remapped: res://assets/materials/space/terraform_field.gdshaderinc
Completed load for: 'res://assets/materials/space/terraform_field.gdshaderinc' remapped 'res://assets/materials/space/terraform_field.gdshaderinc' at thread -1
Loading resource: res://assets/materials/space/surface_detail.gdshaderinc remapped: res://assets/materials/space/surface_detail.gdshaderinc
Completed load for: 'res://assets/materials/space/surface_detail.gdshaderinc' remapped 'res://assets/materials/space/surface_detail.gdshaderinc' at thread -1
Completed load for: 'res://assets/materials/space/planet.gdshader' remapped 'res://assets/materials/space/planet.gdshader' at thread -1
Loading cache for shader SceneForwardClusteredShaderRD, variant 0
Loading cache for shader SceneForwardClusteredShaderRD, variant 1
Loading cache for shader SceneForwardClusteredShaderRD, variant 2
Loading cache for shader SceneForwardClusteredShaderRD, variant 3
Loading cache for shader SceneForwardClusteredShaderRD, variant 4
Loading cache for shader SceneForwardClusteredShaderRD, variant 5
Loading cache for shader SceneForwardClusteredShaderRD, variant 6
Loading cache for shader SceneForwardClusteredShaderRD, variant 7
Loading resource: res://assets/models/planet-variants/continental.glb remapped: res://assets/models/planet-variants/continental.glb
Loading resource: res://.godot/imported/continental.glb-8bb65bd0b8642dfd61affcbe3530dcff.scn remapped: res://.godot/imported/continental.glb-8bb65bd0b8642dfd61affcbe3530dcff.scn
Completed load for: 'res://assets/models/planet-variants/continental.glb' remapped 'res://assets/models/planet-variants/continental.glb' at thread -1
Loading resource: res://assets/textures/orbital/continental.png remapped: res://assets/textures/orbital/continental.png
Loading resource: res://.godot/imported/continental.png-f733abcf229f7804e6946b3c36c24f9d.ctex remapped: res://.godot/imported/continental.png-f733abcf229f7804e6946b3c36c24f9d.ctex
WARNING: Image format RGB8 not supported by hardware, converting to RGBA8.
     at: _validate_texture_format (servers/rendering/renderer_rd/storage_rd/texture_storage.cpp:2855)
     GDScript backtrace (most recent call first):
         [0] configure (res://scripts/world/orbital_surface.gd:21)
         [1] orbital (res://scripts/world/surface_material_library.gd:96)
         [2] _create_planet (res://scripts/app/space_flight.gd:488)
         [3] _load_system (res://scripts/app/space_flight.gd:123)
         [4] _load_system (res://scripts/app/crew_flight_view.gd:325)
         [5] update_navigation (res://scripts/app/crew_flight_view.gd:115)
         [6] _apply_snapshot (res://scripts/app/crew_expedition.gd:404)
         [7] _prepare_first_world (res://scripts/app/crew_expedition.gd:359)
         [8] checkpoint (res://scripts/app/loading.gd:60)
         [9] rendered_frame (res://scripts/app/loading.gd:130)
Completed load for: 'res://assets/textures/orbital/continental.png' remapped 'res://assets/textures/orbital/continental.png' at thread -1
Loading resource: res://assets/textures/surfaces/bedrock.png remapped: res://assets/textures/surfaces/bedrock.png
Loading resource: res://.godot/imported/bedrock.png-f5191925deed61e28ee099fe79b473fd.ctex remapped: res://.godot/imported/bedrock.png-f5191925deed61e28ee099fe79b473fd.ctex
Completed load for: 'res://assets/textures/surfaces/bedrock.png' remapped 'res://assets/textures/surfaces/bedrock.png' at thread -1
Loading resource: res://assets/materials/space/atmosphere.gdshader remapped: res://assets/materials/space/atmosphere.gdshader
Completed load for: 'res://assets/materials/space/atmosphere.gdshader' remapped 'res://assets/materials/space/atmosphere.gdshader' at thread -1
Loading cache for shader SceneForwardClusteredShaderRD, variant 0
Loading cache for shader SceneForwardClusteredShaderRD, variant 1
Loading cache for shader SceneForwardClusteredShaderRD, variant 2
Loading cache for shader SceneForwardClusteredShaderRD, variant 3
Loading cache for shader SceneForwardClusteredShaderRD, variant 4
Loading cache for shader SceneForwardClusteredShaderRD, variant 5
Loading cache for shader SceneForwardClusteredShaderRD, variant 6
Loading cache for shader SceneForwardClusteredShaderRD, variant 7
Loading resource: res://scripts/world/orbital_lod.gd remapped: res://scripts/world/orbital_lod.gd
Completed load for: 'res://scripts/world/orbital_lod.gd' remapped 'res://scripts/world/orbital_lod.gd' at thread -1
Loading resource: res://assets/models/planet-variants/continental_lod1.glb remapped: res://assets/models/planet-variants/continental_lod1.glb
Loading resource: res://.godot/imported/continental_lod1.glb-6d74d73b322b815ed2b0b9893a38bf3f.scn remapped: res://.godot/imported/continental_lod1.glb-6d74d73b322b815ed2b0b9893a38bf3f.scn
Completed load for: 'res://assets/models/planet-variants/continental_lod1.glb' remapped 'res://assets/models/planet-variants/continental_lod1.glb' at thread -1
Loading resource: res://assets/models/planet-variants/azure.glb remapped: res://assets/models/planet-variants/azure.glb
Loading resource: res://.godot/imported/azure.glb-0a788c46bdaa63fe0c4fb204d973092a.scn remapped: res://.godot/imported/azure.glb-0a788c46bdaa63fe0c4fb204d973092a.scn
Completed load for: 'res://assets/models/planet-variants/azure.glb' remapped 'res://assets/models/planet-variants/azure.glb' at thread -1
Loading resource: res://assets/textures/orbital/azure.png remapped: res://assets/textures/orbital/azure.png
Loading resource: res://.godot/imported/azure.png-ce102c2ddf1d10dddfa33dbf8b9d0c02.ctex remapped: res://.godot/imported/azure.png-ce102c2ddf1d10dddfa33dbf8b9d0c02.ctex
WARNING: Image format RGB8 not supported by hardware, converting to RGBA8.
     at: _validate_texture_format (servers/rendering/renderer_rd/storage_rd/texture_storage.cpp:2855)
     GDScript backtrace (most recent call first):
         [0] configure (res://scripts/world/orbital_surface.gd:21)
         [1] orbital (res://scripts/world/surface_material_library.gd:96)
         [2] _create_planet (res://scripts/app/space_flight.gd:488)
         [3] _load_system (res://scripts/app/space_flight.gd:123)
         [4] _load_system (res://scripts/app/crew_flight_view.gd:325)
         [5] update_navigation (res://scripts/app/crew_flight_view.gd:115)
         [6] _apply_snapshot (res://scripts/app/crew_expedition.gd:404)
         [7] _prepare_first_world (res://scripts/app/crew_expedition.gd:359)
         [8] checkpoint (res://scripts/app/loading.gd:60)
         [9] rendered_frame (res://scripts/app/loading.gd:130)
Completed load for: 'res://assets/textures/orbital/azure.png' remapped 'res://assets/textures/orbital/azure.png' at thread -1
Loading resource: res://assets/textures/surfaces/sand.png remapped: res://assets/textures/surfaces/sand.png
Loading resource: res://.godot/imported/sand.png-500c95978d0fdbd1443494346aaab9c9.ctex remapped: res://.godot/imported/sand.png-500c95978d0fdbd1443494346aaab9c9.ctex
Completed load for: 'res://assets/textures/surfaces/sand.png' remapped 'res://assets/textures/surfaces/sand.png' at thread -1
Loading resource: res://assets/models/planet-variants/azure_lod1.glb remapped: res://assets/models/planet-variants/azure_lod1.glb
Loading resource: res://.godot/imported/azure_lod1.glb-5258efcc74956e8dc59c6adc4700cb4f.scn remapped: res://.godot/imported/azure_lod1.glb-5258efcc74956e8dc59c6adc4700cb4f.scn
Completed load for: 'res://assets/models/planet-variants/azure_lod1.glb' remapped 'res://assets/models/planet-variants/azure_lod1.glb' at thread -1
Loading resource: res://assets/models/planet-variants/sedimentary.glb remapped: res://assets/models/planet-variants/sedimentary.glb
Loading resource: res://.godot/imported/sedimentary.glb-42fe4bc121ffe7c433be9db7334d5599.scn remapped: res://.godot/imported/sedimentary.glb-42fe4bc121ffe7c433be9db7334d5599.scn
Completed load for: 'res://assets/models/planet-variants/sedimentary.glb' remapped 'res://assets/models/planet-variants/sedimentary.glb' at thread -1
Loading resource: res://assets/textures/orbital/sedimentary.png remapped: res://assets/textures/orbital/sedimentary.png
Loading resource: res://.godot/imported/sedimentary.png-ad60f50eb23a0358af4e94a272e139e2.ctex remapped: res://.godot/imported/sedimentary.png-ad60f50eb23a0358af4e94a272e139e2.ctex
WARNING: Image format RGB8 not supported by hardware, converting to RGBA8.
     at: _validate_texture_format (servers/rendering/renderer_rd/storage_rd/texture_storage.cpp:2855)
     GDScript backtrace (most recent call first):
         [0] configure (res://scripts/world/orbital_surface.gd:21)
         [1] orbital (res://scripts/world/surface_material_library.gd:96)
         [2] _create_planet (res://scripts/app/space_flight.gd:488)
         [3] _load_system (res://scripts/app/space_flight.gd:123)
         [4] _load_system (res://scripts/app/crew_flight_view.gd:325)
         [5] update_navigation (res://scripts/app/crew_flight_view.gd:115)
         [6] _apply_snapshot (res://scripts/app/crew_expedition.gd:404)
         [7] _prepare_first_world (res://scripts/app/crew_expedition.gd:359)
         [8] checkpoint (res://scripts/app/loading.gd:60)
         [9] rendered_frame (res://scripts/app/loading.gd:130)
Completed load for: 'res://assets/textures/orbital/sedimentary.png' remapped 'res://assets/textures/orbital/sedimentary.png' at thread -1
Loading resource: res://assets/textures/surfaces/sediment.png remapped: res://assets/textures/surfaces/sediment.png
Loading resource: res://.godot/imported/sediment.png-fe26031e8655161818cc26a8082a70c1.ctex remapped: res://.godot/imported/sediment.png-fe26031e8655161818cc26a8082a70c1.ctex
Completed load for: 'res://assets/textures/surfaces/sediment.png' remapped 'res://assets/textures/surfaces/sediment.png' at thread -1
Loading resource: res://assets/models/planet-variants/sedimentary_lod1.glb remapped: res://assets/models/planet-variants/sedimentary_lod1.glb
Loading resource: res://.godot/imported/sedimentary_lod1.glb-649a3e807f95f1b78d8dd6a978080527.scn remapped: res://.godot/imported/sedimentary_lod1.glb-649a3e807f95f1b78d8dd6a978080527.scn
Completed load for: 'res://assets/models/planet-variants/sedimentary_lod1.glb' remapped 'res://assets/models/planet-variants/sedimentary_lod1.glb' at thread -1
Loading resource: res://assets/models/planet-variants/fractured.glb remapped: res://assets/models/planet-variants/fractured.glb
Loading resource: res://.godot/imported/fractured.glb-7d3beac34b07e8b444e3bf1291bcc774.scn remapped: res://.godot/imported/fractured.glb-7d3beac34b07e8b444e3bf1291bcc774.scn
Completed load for: 'res://assets/models/planet-variants/fractured.glb' remapped 'res://assets/models/planet-variants/fractured.glb' at thread -1
Loading resource: res://assets/textures/orbital/fractured.png remapped: res://assets/textures/orbital/fractured.png
Loading resource: res://.godot/imported/fractured.png-50a9644db4e9617eed96179f8edec33e.ctex remapped: res://.godot/imported/fractured.png-50a9644db4e9617eed96179f8edec33e.ctex
WARNING: Image format RGB8 not supported by hardware, converting to RGBA8.
     at: _validate_texture_format (servers/rendering/renderer_rd/storage_rd/texture_storage.cpp:2855)
     GDScript backtrace (most recent call first):
         [0] configure (res://scripts/world/orbital_surface.gd:21)
         [1] orbital (res://scripts/world/surface_material_library.gd:96)
         [2] _create_planet (res://scripts/app/space_flight.gd:488)
         [3] _load_system (res://scripts/app/space_flight.gd:123)
         [4] _load_system (res://scripts/app/crew_flight_view.gd:325)
         [5] update_navigation (res://scripts/app/crew_flight_view.gd:115)
         [6] _apply_snapshot (res://scripts/app/crew_expedition.gd:404)
         [7] _prepare_first_world (res://scripts/app/crew_expedition.gd:359)
         [8] checkpoint (res://scripts/app/loading.gd:60)
         [9] rendered_frame (res://scripts/app/loading.gd:130)
Completed load for: 'res://assets/textures/orbital/fractured.png' remapped 'res://assets/textures/orbital/fractured.png' at thread -1
Loading resource: res://assets/models/planet-variants/fractured_lod1.glb remapped: res://assets/models/planet-variants/fractured_lod1.glb
Loading resource: res://.godot/imported/fractured_lod1.glb-e067d93e5fc2e8e86b16f04fa2051df5.scn remapped: res://.godot/imported/fractured_lod1.glb-e067d93e5fc2e8e86b16f04fa2051df5.scn
Completed load for: 'res://assets/models/planet-variants/fractured_lod1.glb' remapped 'res://assets/models/planet-variants/fractured_lod1.glb' at thread -1
Loading resource: res://assets/models/planet-variants/tundra.glb remapped: res://assets/models/planet-variants/tundra.glb
Loading resource: res://.godot/imported/tundra.glb-fe28628c9aa89385a33bbfbf391db2c9.scn remapped: res://.godot/imported/tundra.glb-fe28628c9aa89385a33bbfbf391db2c9.scn
Completed load for: 'res://assets/models/planet-variants/tundra.glb' remapped 'res://assets/models/planet-variants/tundra.glb' at thread -1
Loading resource: res://assets/textures/orbital/tundra.png remapped: res://assets/textures/orbital/tundra.png
Loading resource: res://.godot/imported/tundra.png-bca36dffdd3bb8a3a13b4f5c3a8b7eb2.ctex remapped: res://.godot/imported/tundra.png-bca36dffdd3bb8a3a13b4f5c3a8b7eb2.ctex
WARNING: Image format RGB8 not supported by hardware, converting to RGBA8.
     at: _validate_texture_format (servers/rendering/renderer_rd/storage_rd/texture_storage.cpp:2855)
     GDScript backtrace (most recent call first):
         [0] configure (res://scripts/world/orbital_surface.gd:21)
         [1] orbital (res://scripts/world/surface_material_library.gd:96)
         [2] _create_planet (res://scripts/app/space_flight.gd:488)
         [3] _load_system (res://scripts/app/space_flight.gd:123)
         [4] _load_system (res://scripts/app/crew_flight_view.gd:325)
         [5] update_navigation (res://scripts/app/crew_flight_view.gd:115)
         [6] _apply_snapshot (res://scripts/app/crew_expedition.gd:404)
         [7] _prepare_first_world (res://scripts/app/crew_expedition.gd:359)
         [8] checkpoint (res://scripts/app/loading.gd:60)
         [9] rendered_frame (res://scripts/app/loading.gd:130)
Completed load for: 'res://assets/textures/orbital/tundra.png' remapped 'res://assets/textures/orbital/tundra.png' at thread -1
Loading resource: res://assets/textures/surfaces/snow.png remapped: res://assets/textures/surfaces/snow.png
Loading resource: res://.godot/imported/snow.png-e9314c3bb917c10bb3bc83aec1504431.ctex remapped: res://.godot/imported/snow.png-e9314c3bb917c10bb3bc83aec1504431.ctex
Completed load for: 'res://assets/textures/surfaces/snow.png' remapped 'res://assets/textures/surfaces/snow.png' at thread -1
Loading resource: res://assets/models/planet-variants/tundra_lod1.glb remapped: res://assets/models/planet-variants/tundra_lod1.glb
Loading resource: res://.godot/imported/tundra_lod1.glb-61d4eadf1291731cf2e6addb55860a03.scn remapped: res://.godot/imported/tundra_lod1.glb-61d4eadf1291731cf2e6addb55860a03.scn
Completed load for: 'res://assets/models/planet-variants/tundra_lod1.glb' remapped 'res://assets/models/planet-variants/tundra_lod1.glb' at thread -1
Loading resource: res://assets/models/planet-variants/violet.glb remapped: res://assets/models/planet-variants/violet.glb
Loading resource: res://.godot/imported/violet.glb-f71360605103c345a2767e4657ce9c37.scn remapped: res://.godot/imported/violet.glb-f71360605103c345a2767e4657ce9c37.scn
Completed load for: 'res://assets/models/planet-variants/violet.glb' remapped 'res://assets/models/planet-variants/violet.glb' at thread -1
Loading resource: res://assets/textures/orbital/violet.png remapped: res://assets/textures/orbital/violet.png
Loading resource: res://.godot/imported/violet.png-7b3aa4940aa82f7607e9d3c70850759e.ctex remapped: res://.godot/imported/violet.png-7b3aa4940aa82f7607e9d3c70850759e.ctex
WARNING: Image format RGB8 not supported by hardware, converting to RGBA8.
     at: _validate_texture_format (servers/rendering/renderer_rd/storage_rd/texture_storage.cpp:2855)
     GDScript backtrace (most recent call first):
         [0] configure (res://scripts/world/orbital_surface.gd:21)
         [1] orbital (res://scripts/world/surface_material_library.gd:96)
         [2] _create_planet (res://scripts/app/space_flight.gd:488)
         [3] _load_system (res://scripts/app/space_flight.gd:123)
         [4] _load_system (res://scripts/app/crew_flight_view.gd:325)
         [5] update_navigation (res://scripts/app/crew_flight_view.gd:115)
         [6] _apply_snapshot (res://scripts/app/crew_expedition.gd:404)
         [7] _prepare_first_world (res://scripts/app/crew_expedition.gd:359)
         [8] checkpoint (res://scripts/app/loading.gd:60)
         [9] rendered_frame (res://scripts/app/loading.gd:130)
Completed load for: 'res://assets/textures/orbital/violet.png' remapped 'res://assets/textures/orbital/violet.png' at thread -1
Loading resource: res://assets/models/planet-variants/violet_lod1.glb remapped: res://assets/models/planet-variants/violet_lod1.glb
Loading resource: res://.godot/imported/violet_lod1.glb-aa06c49013432ed5c0d9bf263fabae58.scn remapped: res://.godot/imported/violet_lod1.glb-aa06c49013432ed5c0d9bf263fabae58.scn
Completed load for: 'res://assets/models/planet-variants/violet_lod1.glb' remapped 'res://assets/models/planet-variants/violet_lod1.glb' at thread -1
Loading resource: res://assets/models/planet-variants/salt.glb remapped: res://assets/models/planet-variants/salt.glb
Loading resource: res://.godot/imported/salt.glb-68447a77876539fb2ae3cdc67d56b165.scn remapped: res://.godot/imported/salt.glb-68447a77876539fb2ae3cdc67d56b165.scn
Completed load for: 'res://assets/models/planet-variants/salt.glb' remapped 'res://assets/models/planet-variants/salt.glb' at thread -1
Loading resource: res://assets/textures/orbital/salt.png remapped: res://assets/textures/orbital/salt.png
Loading resource: res://.godot/imported/salt.png-ffc52119a7b3e1c0b50b4269d3e7bac3.ctex remapped: res://.godot/imported/salt.png-ffc52119a7b3e1c0b50b4269d3e7bac3.ctex
WARNING: Image format RGB8 not supported by hardware, converting to RGBA8.
     at: _validate_texture_format (servers/rendering/renderer_rd/storage_rd/texture_storage.cpp:2855)
     GDScript backtrace (most recent call first):
         [0] configure (res://scripts/world/orbital_surface.gd:21)
         [1] orbital (res://scripts/world/surface_material_library.gd:96)
         [2] _create_planet (res://scripts/app/space_flight.gd:488)
         [3] _load_system (res://scripts/app/space_flight.gd:123)
         [4] _load_system (res://scripts/app/crew_flight_view.gd:325)
         [5] update_navigation (res://scripts/app/crew_flight_view.gd:115)
         [6] _apply_snapshot (res://scripts/app/crew_expedition.gd:404)
         [7] _prepare_first_world (res://scripts/app/crew_expedition.gd:359)
         [8] checkpoint (res://scripts/app/loading.gd:60)
         [9] rendered_frame (res://scripts/app/loading.gd:130)
Completed load for: 'res://assets/textures/orbital/salt.png' remapped 'res://assets/textures/orbital/salt.png' at thread -1
Loading resource: res://assets/models/planet-variants/salt_lod1.glb remapped: res://assets/models/planet-variants/salt_lod1.glb
Loading resource: res://.godot/imported/salt_lod1.glb-9696cdf29b30f8b24b38a7b42e4423d3.scn remapped: res://.godot/imported/salt_lod1.glb-9696cdf29b30f8b24b38a7b42e4423d3.scn
Completed load for: 'res://assets/models/planet-variants/salt_lod1.glb' remapped 'res://assets/models/planet-variants/salt_lod1.glb' at thread -1
Loading resource: res://assets/models/planet-variants/tundra.glb remapped: res://assets/models/planet-variants/tundra.glb
Loading resource: res://.godot/imported/tundra.glb-fe28628c9aa89385a33bbfbf391db2c9.scn remapped: res://.godot/imported/tundra.glb-fe28628c9aa89385a33bbfbf391db2c9.scn
Completed load for: 'res://assets/models/planet-variants/tundra.glb' remapped 'res://assets/models/planet-variants/tundra.glb' at thread -1
Loading resource: res://assets/models/planet-variants/tundra_lod1.glb remapped: res://assets/models/planet-variants/tundra_lod1.glb
Loading resource: res://.godot/imported/tundra_lod1.glb-61d4eadf1291731cf2e6addb55860a03.scn remapped: res://.godot/imported/tundra_lod1.glb-61d4eadf1291731cf2e6addb55860a03.scn
Completed load for: 'res://assets/models/planet-variants/tundra_lod1.glb' remapped 'res://assets/models/planet-variants/tundra_lod1.glb' at thread -1
Loading resource: res://assets/materials/space/star.gdshader remapped: res://assets/materials/space/star.gdshader
Completed load for: 'res://assets/materials/space/star.gdshader' remapped 'res://assets/materials/space/star.gdshader' at thread -1
Loading cache for shader SceneForwardClusteredShaderRD, variant 0
Loading cache for shader SceneForwardClusteredShaderRD, variant 1
Loading cache for shader SceneForwardClusteredShaderRD, variant 2
Loading cache for shader SceneForwardClusteredShaderRD, variant 3
Loading cache for shader SceneForwardClusteredShaderRD, variant 4
Loading cache for shader SceneForwardClusteredShaderRD, variant 5
Loading cache for shader SceneForwardClusteredShaderRD, variant 6
Loading cache for shader SceneForwardClusteredShaderRD, variant 7
Loading resource: res://assets/materials/space/glow.gdshader remapped: res://assets/materials/space/glow.gdshader
Completed load for: 'res://assets/materials/space/glow.gdshader' remapped 'res://assets/materials/space/glow.gdshader' at thread -1
Loading cache for shader SceneForwardClusteredShaderRD, variant 0
Loading cache for shader SceneForwardClusteredShaderRD, variant 1
Loading cache for shader SceneForwardClusteredShaderRD, variant 2
Loading cache for shader SceneForwardClusteredShaderRD, variant 3
Loading cache for shader SceneForwardClusteredShaderRD, variant 4
Loading cache for shader SceneForwardClusteredShaderRD, variant 5
Loading cache for shader SceneForwardClusteredShaderRD, variant 6
Loading cache for shader SceneForwardClusteredShaderRD, variant 7
Loading resource: res://assets/models/planet-variants/cratered.glb remapped: res://assets/models/planet-variants/cratered.glb
Loading resource: res://.godot/imported/cratered.glb-4f597e0a25a9e47e07fcbe29ae59b386.scn remapped: res://.godot/imported/cratered.glb-4f597e0a25a9e47e07fcbe29ae59b386.scn
Completed load for: 'res://assets/models/planet-variants/cratered.glb' remapped 'res://assets/models/planet-variants/cratered.glb' at thread -1
Loading resource: res://assets/materials/space/cloud_shell.gdshader remapped: res://assets/materials/space/cloud_shell.gdshader
Completed load for: 'res://assets/materials/space/cloud_shell.gdshader' remapped 'res://assets/materials/space/cloud_shell.gdshader' at thread -1
Loading cache for shader SceneForwardClusteredShaderRD, variant 0
Loading cache for shader SceneForwardClusteredShaderRD, variant 1
Loading cache for shader SceneForwardClusteredShaderRD, variant 2
Loading cache for shader SceneForwardClusteredShaderRD, variant 3
Loading cache for shader SceneForwardClusteredShaderRD, variant 4
Loading cache for shader SceneForwardClusteredShaderRD, variant 5
Loading cache for shader SceneForwardClusteredShaderRD, variant 6
Loading cache for shader SceneForwardClusteredShaderRD, variant 7
Loading resource: res://assets/models/ships/wayfarer_station.glb remapped: res://assets/models/ships/wayfarer_station.glb
Loading resource: res://.godot/imported/wayfarer_station.glb-23fe4a6a43e83c3cc6ef09fa1aa824aa.scn remapped: res://.godot/imported/wayfarer_station.glb-23fe4a6a43e83c3cc6ef09fa1aa824aa.scn
Completed load for: 'res://assets/models/ships/wayfarer_station.glb' remapped 'res://assets/models/ships/wayfarer_station.glb' at thread -1
Loading resource: res://assets/models/ships/relay_mine.glb remapped: res://assets/models/ships/relay_mine.glb
Loading resource: res://.godot/imported/relay_mine.glb-35804ac3939b5740c5f5c9ae7a6b35fb.scn remapped: res://.godot/imported/relay_mine.glb-35804ac3939b5740c5f5c9ae7a6b35fb.scn
Completed load for: 'res://assets/models/ships/relay_mine.glb' remapped 'res://assets/models/ships/relay_mine.glb' at thread -1
Loading resource: res://assets/models/ships/solar_mars_port.glb remapped: res://assets/models/ships/solar_mars_port.glb
Loading resource: res://.godot/imported/solar_mars_port.glb-6e7fafdf8fbbd66e203a7206f06d740f.scn remapped: res://.godot/imported/solar_mars_port.glb-6e7fafdf8fbbd66e203a7206f06d740f.scn
Completed load for: 'res://assets/models/ships/solar_mars_port.glb' remapped 'res://assets/models/ships/solar_mars_port.glb' at thread -1
Loading resource: res://scripts/ui/corporate_site_overlay.gd remapped: res://scripts/ui/corporate_site_overlay.gd
Completed load for: 'res://scripts/ui/corporate_site_overlay.gd' remapped 'res://scripts/ui/corporate_site_overlay.gd' at thread -1
Loading resource: res://assets/ui/corporations/mine.svg remapped: res://assets/ui/corporations/mine.svg
Loading resource: res://.godot/imported/mine.svg-7b38e3baf09b760f482b37435a7df25b.ctex remapped: res://.godot/imported/mine.svg-7b38e3baf09b760f482b37435a7df25b.ctex
Completed load for: 'res://assets/ui/corporations/mine.svg' remapped 'res://assets/ui/corporations/mine.svg' at thread -1
Loading resource: res://assets/ui/corporations/coopertech.svg remapped: res://assets/ui/corporations/coopertech.svg
Loading resource: res://.godot/imported/coopertech.svg-79d937a7e7cce8efacfd3f4dcd1d607d.ctex remapped: res://.godot/imported/coopertech.svg-79d937a7e7cce8efacfd3f4dcd1d607d.ctex
Completed load for: 'res://assets/ui/corporations/coopertech.svg' remapped 'res://assets/ui/corporations/coopertech.svg' at thread -1
Loading resource: res://assets/models/ships/trace_mine.glb remapped: res://assets/models/ships/trace_mine.glb
Loading resource: res://.godot/imported/trace_mine.glb-77dce50f755ae0e29de9a766f6de2b03.scn remapped: res://.godot/imported/trace_mine.glb-77dce50f755ae0e29de9a766f6de2b03.scn
Completed load for: 'res://assets/models/ships/trace_mine.glb' remapped 'res://assets/models/ships/trace_mine.glb' at thread -1
Loading resource: res://scripts/ui/corporate_trace_overlay.gd remapped: res://scripts/ui/corporate_trace_overlay.gd
Completed load for: 'res://scripts/ui/corporate_trace_overlay.gd' remapped 'res://scripts/ui/corporate_trace_overlay.gd' at thread -1
Loading resource: res://assets/audio/sfx_rover_winch.wav remapped: res://assets/audio/sfx_rover_winch.wav
Loading resource: res://.godot/imported/sfx_rover_winch.wav-7854584cc1001ed8d51e1eac0d3555b4.sample remapped: res://.godot/imported/sfx_rover_winch.wav-7854584cc1001ed8d51e1eac0d3555b4.sample
Completed load for: 'res://assets/audio/sfx_rover_winch.wav' remapped 'res://assets/audio/sfx_rover_winch.wav' at thread -1
Loading resource: res://assets/models/ships/mine_repair_worksite.glb remapped: res://assets/models/ships/mine_repair_worksite.glb
Loading resource: res://.godot/imported/mine_repair_worksite.glb-567cb002d8276d459c7da5b512961298.scn remapped: res://.godot/imported/mine_repair_worksite.glb-567cb002d8276d459c7da5b512961298.scn
Completed load for: 'res://assets/models/ships/mine_repair_worksite.glb' remapped 'res://assets/models/ships/mine_repair_worksite.glb' at thread -1
Loading resource: res://assets/models/ships/mine_supply_rack.glb remapped: res://assets/models/ships/mine_supply_rack.glb
Loading resource: res://.godot/imported/mine_supply_rack.glb-fc465bbe743f8040b382a0dc7933f9ef.scn remapped: res://.godot/imported/mine_supply_rack.glb-fc465bbe743f8040b382a0dc7933f9ef.scn
Completed load for: 'res://assets/models/ships/mine_supply_rack.glb' remapped 'res://assets/models/ships/mine_supply_rack.glb' at thread -1
Loading resource: res://assets/audio/sfx_robot_work.wav remapped: res://assets/audio/sfx_robot_work.wav
Loading resource: res://.godot/imported/sfx_robot_work.wav-e3cc8cbd08cfc5dfa4bc830cad8cb204.sample remapped: res://.godot/imported/sfx_robot_work.wav-e3cc8cbd08cfc5dfa4bc830cad8cb204.sample
Completed load for: 'res://assets/audio/sfx_robot_work.wav' remapped 'res://assets/audio/sfx_robot_work.wav' at thread -1
Loading resource: res://scripts/ui/freight_salvage_overlay.gd remapped: res://scripts/ui/freight_salvage_overlay.gd
Completed load for: 'res://scripts/ui/freight_salvage_overlay.gd' remapped 'res://scripts/ui/freight_salvage_overlay.gd' at thread -1
Loading resource: res://assets/audio/sfx_vessel_engine.wav remapped: res://assets/audio/sfx_vessel_engine.wav
Loading resource: res://.godot/imported/sfx_vessel_engine.wav-9b0660611ff1ba044cbb31caa0b3df45.sample remapped: res://.godot/imported/sfx_vessel_engine.wav-9b0660611ff1ba044cbb31caa0b3df45.sample
Completed load for: 'res://assets/audio/sfx_vessel_engine.wav' remapped 'res://assets/audio/sfx_vessel_engine.wav' at thread -1
Loading resource: res://assets/audio/sfx_orbital_complete.wav remapped: res://assets/audio/sfx_orbital_complete.wav
Loading resource: res://.godot/imported/sfx_orbital_complete.wav-7f51aa8e4dccb3b3f3c8afccf2ff9b2a.sample remapped: res://.godot/imported/sfx_orbital_complete.wav-7f51aa8e4dccb3b3f3c8afccf2ff9b2a.sample
Completed load for: 'res://assets/audio/sfx_orbital_complete.wav' remapped 'res://assets/audio/sfx_orbital_complete.wav' at thread -1
Loading resource: res://scripts/ui/space_traffic_overlay.gd remapped: res://scripts/ui/space_traffic_overlay.gd
Completed load for: 'res://scripts/ui/space_traffic_overlay.gd' remapped 'res://scripts/ui/space_traffic_overlay.gd' at thread -1
Loading resource: res://assets/models/ships/space_y_freighter.glb remapped: res://assets/models/ships/space_y_freighter.glb
Loading resource: res://.godot/imported/space_y_freighter.glb-3f1249ad9fd2c9489426657ffe11c03f.scn remapped: res://.godot/imported/space_y_freighter.glb-3f1249ad9fd2c9489426657ffe11c03f.scn
Completed load for: 'res://assets/models/ships/space_y_freighter.glb' remapped 'res://assets/models/ships/space_y_freighter.glb' at thread -1
Loading resource: res://assets/models/ships/space_y_freighter_lod1.glb remapped: res://assets/models/ships/space_y_freighter_lod1.glb
Loading resource: res://.godot/imported/space_y_freighter_lod1.glb-a132cef03d9c0b373223a6a21be21ee4.scn remapped: res://.godot/imported/space_y_freighter_lod1.glb-a132cef03d9c0b373223a6a21be21ee4.scn
Completed load for: 'res://assets/models/ships/space_y_freighter_lod1.glb' remapped 'res://assets/models/ships/space_y_freighter_lod1.glb' at thread -1
Loading cache for shader SceneForwardClusteredShaderRD, variant 0
Loading cache for shader SceneForwardClusteredShaderRD, variant 1
Loading cache for shader SceneForwardClusteredShaderRD, variant 2
Loading cache for shader SceneForwardClusteredShaderRD, variant 3
Loading cache for shader SceneForwardClusteredShaderRD, variant 4
Loading cache for shader SceneForwardClusteredShaderRD, variant 5
Loading cache for shader SceneForwardClusteredShaderRD, variant 6
Loading cache for shader SceneForwardClusteredShaderRD, variant 7
Loading resource: res://assets/models/ships/space_y_freighter.glb remapped: res://assets/models/ships/space_y_freighter.glb
Loading resource: res://.godot/imported/space_y_freighter.glb-3f1249ad9fd2c9489426657ffe11c03f.scn remapped: res://.godot/imported/space_y_freighter.glb-3f1249ad9fd2c9489426657ffe11c03f.scn
Completed load for: 'res://assets/models/ships/space_y_freighter.glb' remapped 'res://assets/models/ships/space_y_freighter.glb' at thread -1
Loading resource: res://assets/models/ships/space_y_freighter_lod1.glb remapped: res://assets/models/ships/space_y_freighter_lod1.glb
Loading resource: res://.godot/imported/space_y_freighter_lod1.glb-a132cef03d9c0b373223a6a21be21ee4.scn remapped: res://.godot/imported/space_y_freighter_lod1.glb-a132cef03d9c0b373223a6a21be21ee4.scn
Completed load for: 'res://assets/models/ships/space_y_freighter_lod1.glb' remapped 'res://assets/models/ships/space_y_freighter_lod1.glb' at thread -1
Loading resource: res://assets/models/space/orbital_rock.glb remapped: res://assets/models/space/orbital_rock.glb
Loading resource: res://.godot/imported/orbital_rock.glb-7daa516c30e9992f8738d9338342476a.scn remapped: res://.godot/imported/orbital_rock.glb-7daa516c30e9992f8738d9338342476a.scn
Completed load for: 'res://assets/models/space/orbital_rock.glb' remapped 'res://assets/models/space/orbital_rock.glb' at thread -1
Loading resource: res://assets/materials/space/debris.gdshader remapped: res://assets/materials/space/debris.gdshader
Completed load for: 'res://assets/materials/space/debris.gdshader' remapped 'res://assets/materials/space/debris.gdshader' at thread -1
Loading cache for shader SceneForwardClusteredShaderRD, variant 0
Loading cache for shader SceneForwardClusteredShaderRD, variant 1
Loading cache for shader SceneForwardClusteredShaderRD, variant 2
Loading cache for shader SceneForwardClusteredShaderRD, variant 3
Loading cache for shader SceneForwardClusteredShaderRD, variant 4
Loading cache for shader SceneForwardClusteredShaderRD, variant 5
Loading cache for shader SceneForwardClusteredShaderRD, variant 6
Loading cache for shader SceneForwardClusteredShaderRD, variant 7
Loading resource: res://assets/models/space/orbital_ice.glb remapped: res://assets/models/space/orbital_ice.glb
Loading resource: res://.godot/imported/orbital_ice.glb-796c62c1768390f71f3d6e46fdba86d3.scn remapped: res://.godot/imported/orbital_ice.glb-796c62c1768390f71f3d6e46fdba86d3.scn
Completed load for: 'res://assets/models/space/orbital_ice.glb' remapped 'res://assets/models/space/orbital_ice.glb' at thread -1
Loading resource: res://assets/models/crew/surveyor_augmented.glb remapped: res://assets/models/crew/surveyor_augmented.glb
Loading resource: res://.godot/imported/surveyor_augmented.glb-4ee9da0700f932cecb1153f8c58cd2cb.scn remapped: res://.godot/imported/surveyor_augmented.glb-4ee9da0700f932cecb1153f8c58cd2cb.scn
Completed load for: 'res://assets/models/crew/surveyor_augmented.glb' remapped 'res://assets/models/crew/surveyor_augmented.glb' at thread -1
Loading resource: res://assets/models/equipment/jetpack_mk2.glb remapped: res://assets/models/equipment/jetpack_mk2.glb
Loading resource: res://.godot/imported/jetpack_mk2.glb-a011282a83c2017fb0e5e8eb160bb0f4.scn remapped: res://.godot/imported/jetpack_mk2.glb-a011282a83c2017fb0e5e8eb160bb0f4.scn
Completed load for: 'res://assets/models/equipment/jetpack_mk2.glb' remapped 'res://assets/models/equipment/jetpack_mk2.glb' at thread -1
Loading resource: res://assets/audio/sfx_finch_turbine_v2.wav remapped: res://assets/audio/sfx_finch_turbine_v2.wav
Loading resource: res://.godot/imported/sfx_finch_turbine_v2.wav-484c61a2cdee8081a0b05a3d91039e54.sample remapped: res://.godot/imported/sfx_finch_turbine_v2.wav-484c61a2cdee8081a0b05a3d91039e54.sample
Completed load for: 'res://assets/audio/sfx_finch_turbine_v2.wav' remapped 'res://assets/audio/sfx_finch_turbine_v2.wav' at thread -1
Loading resource: res://assets/models/planet-variants/tundra.glb remapped: res://assets/models/planet-variants/tundra.glb
Loading resource: res://.godot/imported/tundra.glb-fe28628c9aa89385a33bbfbf391db2c9.scn remapped: res://.godot/imported/tundra.glb-fe28628c9aa89385a33bbfbf391db2c9.scn
Completed load for: 'res://assets/models/planet-variants/tundra.glb' remapped 'res://assets/models/planet-variants/tundra.glb' at thread -1
Loading resource: res://scripts/world/surface_atmosphere.gd remapped: res://scripts/world/surface_atmosphere.gd
Completed load for: 'res://scripts/world/surface_atmosphere.gd' remapped 'res://scripts/world/surface_atmosphere.gd' at thread -1
Loading resource: res://assets/materials/space/surface_sky.gdshader remapped: res://assets/materials/space/surface_sky.gdshader
Completed load for: 'res://assets/materials/space/surface_sky.gdshader' remapped 'res://assets/materials/space/surface_sky.gdshader' at thread -1
Loading cache for shader SkyShaderRD, variant 0
Loading cache for shader SkyShaderRD, variant 1
Loading cache for shader SkyShaderRD, variant 2
Loading cache for shader SkyShaderRD, variant 3
Loading cache for shader SkyShaderRD, variant 4
Loading cache for shader SkyShaderRD, variant 5
Loading resource: res://assets/materials/space/terrain.gdshader remapped: res://assets/materials/space/terrain.gdshader
Completed load for: 'res://assets/materials/space/terrain.gdshader' remapped 'res://assets/materials/space/terrain.gdshader' at thread -1
Loading cache for shader SceneForwardClusteredShaderRD, variant 0
Loading cache for shader SceneForwardClusteredShaderRD, variant 1
Loading cache for shader SceneForwardClusteredShaderRD, variant 2
Loading cache for shader SceneForwardClusteredShaderRD, variant 3
Loading cache for shader SceneForwardClusteredShaderRD, variant 4
Loading cache for shader SceneForwardClusteredShaderRD, variant 5
Loading cache for shader SceneForwardClusteredShaderRD, variant 6
Loading cache for shader SceneForwardClusteredShaderRD, variant 7
Loading resource: res://assets/textures/surfaces/desert_pavement.png remapped: res://assets/textures/surfaces/desert_pavement.png
Loading resource: res://.godot/imported/desert_pavement.png-197c3b73326926d9598a815b4674bfc9.ctex remapped: res://.godot/imported/desert_pavement.png-197c3b73326926d9598a815b4674bfc9.ctex
Completed load for: 'res://assets/textures/surfaces/desert_pavement.png' remapped 'res://assets/textures/surfaces/desert_pavement.png' at thread -1
Loading resource: res://assets/textures/surfaces/frost_heave.png remapped: res://assets/textures/surfaces/frost_heave.png
Loading resource: res://.godot/imported/frost_heave.png-5409a094d9e7d16e0de8dbe342a0372f.ctex remapped: res://.godot/imported/frost_heave.png-5409a094d9e7d16e0de8dbe342a0372f.ctex
Completed load for: 'res://assets/textures/surfaces/frost_heave.png' remapped 'res://assets/textures/surfaces/frost_heave.png' at thread -1
Loading resource: res://assets/textures/surfaces/glacier_foliation.png remapped: res://assets/textures/surfaces/glacier_foliation.png
Loading resource: res://.godot/imported/glacier_foliation.png-3193ba53aa5bd8d96637c1f9f1c193dd.ctex remapped: res://.godot/imported/glacier_foliation.png-3193ba53aa5bd8d96637c1f9f1c193dd.ctex
Completed load for: 'res://assets/textures/surfaces/glacier_foliation.png' remapped 'res://assets/textures/surfaces/glacier_foliation.png' at thread -1
Loading resource: res://assets/textures/surfaces/ice.png remapped: res://assets/textures/surfaces/ice.png
Loading resource: res://.godot/imported/ice.png-98694a8d9f6f50da887c8859f1cd921a.ctex remapped: res://.godot/imported/ice.png-98694a8d9f6f50da887c8859f1cd921a.ctex
Completed load for: 'res://assets/textures/surfaces/ice.png' remapped 'res://assets/textures/surfaces/ice.png' at thread -1
Loading resource: res://assets/textures/surfaces/ice_shards.png remapped: res://assets/textures/surfaces/ice_shards.png
Loading resource: res://.godot/imported/ice_shards.png-632ae96dcc470d05b47d66c4806127ec.ctex remapped: res://.godot/imported/ice_shards.png-632ae96dcc470d05b47d66c4806127ec.ctex
Completed load for: 'res://assets/textures/surfaces/ice_shards.png' remapped 'res://assets/textures/surfaces/ice_shards.png' at thread -1
Loading resource: res://assets/textures/surfaces/snow.png remapped: res://assets/textures/surfaces/snow.png
Loading resource: res://.godot/imported/snow.png-e9314c3bb917c10bb3bc83aec1504431.ctex remapped: res://.godot/imported/snow.png-e9314c3bb917c10bb3bc83aec1504431.ctex
Completed load for: 'res://assets/textures/surfaces/snow.png' remapped 'res://assets/textures/surfaces/snow.png' at thread -1
Loading resource: res://assets/materials/space/flow_water.gdshader remapped: res://assets/materials/space/flow_water.gdshader
Loading resource: res://assets/materials/space/water_surface.gdshaderinc remapped: res://assets/materials/space/water_surface.gdshaderinc
Completed load for: 'res://assets/materials/space/water_surface.gdshaderinc' remapped 'res://assets/materials/space/water_surface.gdshaderinc' at thread -1
Completed load for: 'res://assets/materials/space/flow_water.gdshader' remapped 'res://assets/materials/space/flow_water.gdshader' at thread -1
Loading cache for shader SceneForwardClusteredShaderRD, variant 0
Loading cache for shader SceneForwardClusteredShaderRD, variant 1
Loading cache for shader SceneForwardClusteredShaderRD, variant 2
Loading cache for shader SceneForwardClusteredShaderRD, variant 3
Loading cache for shader SceneForwardClusteredShaderRD, variant 4
Loading cache for shader SceneForwardClusteredShaderRD, variant 5
Loading cache for shader SceneForwardClusteredShaderRD, variant 6
Loading cache for shader SceneForwardClusteredShaderRD, variant 7
Loading resource: res://assets/materials/space/physical_water.gdshader remapped: res://assets/materials/space/physical_water.gdshader
Completed load for: 'res://assets/materials/space/physical_water.gdshader' remapped 'res://assets/materials/space/physical_water.gdshader' at thread -1
Loading cache for shader SceneForwardClusteredShaderRD, variant 0
Loading cache for shader SceneForwardClusteredShaderRD, variant 1
Loading cache for shader SceneForwardClusteredShaderRD, variant 2
Loading cache for shader SceneForwardClusteredShaderRD, variant 3
Loading cache for shader SceneForwardClusteredShaderRD, variant 4
Loading cache for shader SceneForwardClusteredShaderRD, variant 5
Loading cache for shader SceneForwardClusteredShaderRD, variant 6
Loading cache for shader SceneForwardClusteredShaderRD, variant 7
Loading resource: res://assets/models/ships/kestrel.glb remapped: res://assets/models/ships/kestrel.glb
Loading resource: res://.godot/imported/kestrel.glb-0586361c5f34ad960b6313cbe66f36d7.scn remapped: res://.godot/imported/kestrel.glb-0586361c5f34ad960b6313cbe66f36d7.scn
Completed load for: 'res://assets/models/ships/kestrel.glb' remapped 'res://assets/models/ships/kestrel.glb' at thread -1
Loading resource: res://assets/textures/surfaces/humus_crumb.png remapped: res://assets/textures/surfaces/humus_crumb.png
Loading resource: res://.godot/imported/humus_crumb.png-0f977ecf00ed65ef87851604ea923ccc.ctex remapped: res://.godot/imported/humus_crumb.png-0f977ecf00ed65ef87851604ea923ccc.ctex
Completed load for: 'res://assets/textures/surfaces/humus_crumb.png' remapped 'res://assets/textures/surfaces/humus_crumb.png' at thread -1
Loading resource: res://assets/textures/surfaces/pioneer_mat.png remapped: res://assets/textures/surfaces/pioneer_mat.png
Loading resource: res://.godot/imported/pioneer_mat.png-6b714869c0b98fdb957e275fdd66e26f.ctex remapped: res://.godot/imported/pioneer_mat.png-6b714869c0b98fdb957e275fdd66e26f.ctex
Completed load for: 'res://assets/textures/surfaces/pioneer_mat.png' remapped 'res://assets/textures/surfaces/pioneer_mat.png' at thread -1
Loading resource: res://assets/models/surface-details/tundra_0.glb remapped: res://assets/models/surface-details/tundra_0.glb
Loading resource: res://.godot/imported/tundra_0.glb-53cce2804037198a49da22d2231846af.scn remapped: res://.godot/imported/tundra_0.glb-53cce2804037198a49da22d2231846af.scn
Completed load for: 'res://assets/models/surface-details/tundra_0.glb' remapped 'res://assets/models/surface-details/tundra_0.glb' at thread -1
Loading resource: res://assets/models/surface-details/tundra_1.glb remapped: res://assets/models/surface-details/tundra_1.glb
Loading resource: res://.godot/imported/tundra_1.glb-30b0a128b4191e00cb26439cf6711320.scn remapped: res://.godot/imported/tundra_1.glb-30b0a128b4191e00cb26439cf6711320.scn
Completed load for: 'res://assets/models/surface-details/tundra_1.glb' remapped 'res://assets/models/surface-details/tundra_1.glb' at thread -1
Loading resource: res://assets/models/surface-details/tundra_2.glb remapped: res://assets/models/surface-details/tundra_2.glb
Loading resource: res://.godot/imported/tundra_2.glb-7d35945becebbb5b7f220b26219b9256.scn remapped: res://.godot/imported/tundra_2.glb-7d35945becebbb5b7f220b26219b9256.scn
Completed load for: 'res://assets/models/surface-details/tundra_2.glb' remapped 'res://assets/models/surface-details/tundra_2.glb' at thread -1
Loading resource: res://assets/models/surface-details/tundra_3.glb remapped: res://assets/models/surface-details/tundra_3.glb
Loading resource: res://.godot/imported/tundra_3.glb-de3c464964e86d62a45f9ba40b05fcb4.scn remapped: res://.godot/imported/tundra_3.glb-de3c464964e86d62a45f9ba40b05fcb4.scn
Completed load for: 'res://assets/models/surface-details/tundra_3.glb' remapped 'res://assets/models/surface-details/tundra_3.glb' at thread -1
Loading resource: res://scripts/world/surface_atmosphere_particles.gd remapped: res://scripts/world/surface_atmosphere_particles.gd
Completed load for: 'res://scripts/world/surface_atmosphere_particles.gd' remapped 'res://scripts/world/surface_atmosphere_particles.gd' at thread -1
Loading resource: res://assets/materials/space/surface_mote.gdshader remapped: res://assets/materials/space/surface_mote.gdshader
Completed load for: 'res://assets/materials/space/surface_mote.gdshader' remapped 'res://assets/materials/space/surface_mote.gdshader' at thread -1
Loading cache for shader SceneForwardClusteredShaderRD, variant 0
Loading cache for shader SceneForwardClusteredShaderRD, variant 1
Loading cache for shader SceneForwardClusteredShaderRD, variant 2
Loading cache for shader SceneForwardClusteredShaderRD, variant 3
Loading cache for shader SceneForwardClusteredShaderRD, variant 4
Loading cache for shader SceneForwardClusteredShaderRD, variant 5
Loading cache for shader SceneForwardClusteredShaderRD, variant 6
Loading cache for shader SceneForwardClusteredShaderRD, variant 7
Loading resource: res://scripts/world/surface_soundscape.gd remapped: res://scripts/world/surface_soundscape.gd
Loading resource: res://assets/models/ink-study/frontier_grass.glb remapped: res://assets/models/ink-study/frontier_grass.glb
Loading resource: res://assets/models/tree.glb remapped: res://assets/models/tree.glb
Loading resource: res://.godot/imported/tree.glb-a6aad56bc09063afe86a6b7b2394e352.scn remapped: res://.godot/imported/tree.glb-a6aad56bc09063afe86a6b7b2394e352.scn
Loading resource: res://.godot/imported/frontier_grass.glb-57f2bc39c5d15b1d148ed00bed7f3422.scn remapped: res://.godot/imported/frontier_grass.glb-57f2bc39c5d15b1d148ed00bed7f3422.scn
Completed load for: 'res://assets/models/tree.glb' remapped 'res://assets/models/tree.glb' at thread 3
Completed load for: 'res://assets/models/ink-study/frontier_grass.glb' remapped 'res://assets/models/ink-study/frontier_grass.glb' at thread 2
Completed load for: 'res://scripts/world/surface_soundscape.gd' remapped 'res://scripts/world/surface_soundscape.gd' at thread -1
Loading resource: res://assets/audio/amb_barren_wind.wav remapped: res://assets/audio/amb_barren_wind.wav
Loading resource: res://.godot/imported/amb_barren_wind.wav-9d60fad2c3804c2802739bb4daaa9f98.sample remapped: res://.godot/imported/amb_barren_wind.wav-9d60fad2c3804c2802739bb4daaa9f98.sample
Completed load for: 'res://assets/audio/amb_barren_wind.wav' remapped 'res://assets/audio/amb_barren_wind.wav' at thread -1
Loading resource: res://assets/audio/amb_restored_nature.wav remapped: res://assets/audio/amb_restored_nature.wav
Loading resource: res://.godot/imported/amb_restored_nature.wav-a97b2314ef976aede869ebbc2b4e6fe4.sample remapped: res://.godot/imported/amb_restored_nature.wav-a97b2314ef976aede869ebbc2b4e6fe4.sample
Completed load for: 'res://assets/audio/amb_restored_nature.wav' remapped 'res://assets/audio/amb_restored_nature.wav' at thread -1
Loading resource: res://assets/audio/amb_surface_foliage_v1.wav remapped: res://assets/audio/amb_surface_foliage_v1.wav
Loading resource: res://.godot/imported/amb_surface_foliage_v1.wav-a6be5cc9cd48d68909fafb9fb6daa5c1.sample remapped: res://.godot/imported/amb_surface_foliage_v1.wav-a6be5cc9cd48d68909fafb9fb6daa5c1.sample
Completed load for: 'res://assets/audio/amb_surface_foliage_v1.wav' remapped 'res://assets/audio/amb_surface_foliage_v1.wav' at thread -1
Loading resource: res://assets/audio/sfx_landing_grit_v2.wav remapped: res://assets/audio/sfx_landing_grit_v2.wav
Loading resource: res://.godot/imported/sfx_landing_grit_v2.wav-c0e8a7153e9856c0df6452c4228457ef.sample remapped: res://.godot/imported/sfx_landing_grit_v2.wav-c0e8a7153e9856c0df6452c4228457ef.sample
Completed load for: 'res://assets/audio/sfx_landing_grit_v2.wav' remapped 'res://assets/audio/sfx_landing_grit_v2.wav' at thread -1
Loading resource: res://assets/audio/amb_surface_shallows_v1.wav remapped: res://assets/audio/amb_surface_shallows_v1.wav
Loading resource: res://.godot/imported/amb_surface_shallows_v1.wav-988e8a645931c3f90d0e0fde19007c38.sample remapped: res://.godot/imported/amb_surface_shallows_v1.wav-988e8a645931c3f90d0e0fde19007c38.sample
Completed load for: 'res://assets/audio/amb_surface_shallows_v1.wav' remapped 'res://assets/audio/amb_surface_shallows_v1.wav' at thread -1
Loading resource: res://assets/audio/sfx_thermal_loop.wav remapped: res://assets/audio/sfx_thermal_loop.wav
Loading resource: res://.godot/imported/sfx_thermal_loop.wav-6ddf66cf57f40692d31268010c277d53.sample remapped: res://.godot/imported/sfx_thermal_loop.wav-6ddf66cf57f40692d31268010c277d53.sample
Completed load for: 'res://assets/audio/sfx_thermal_loop.wav' remapped 'res://assets/audio/sfx_thermal_loop.wav' at thread -1
Loading resource: res://assets/audio/sfx_robot_work.wav remapped: res://assets/audio/sfx_robot_work.wav
Loading resource: res://.godot/imported/sfx_robot_work.wav-e3cc8cbd08cfc5dfa4bc830cad8cb204.sample remapped: res://.godot/imported/sfx_robot_work.wav-e3cc8cbd08cfc5dfa4bc830cad8cb204.sample
Completed load for: 'res://assets/audio/sfx_robot_work.wav' remapped 'res://assets/audio/sfx_robot_work.wav' at thread -1
Loading resource: res://assets/audio/amb_surface_river_v1.wav remapped: res://assets/audio/amb_surface_river_v1.wav
Loading resource: res://.godot/imported/amb_surface_river_v1.wav-6098d24189cd4b7bfb626046eb07b976.sample remapped: res://.godot/imported/amb_surface_river_v1.wav-6098d24189cd4b7bfb626046eb07b976.sample
Completed load for: 'res://assets/audio/amb_surface_river_v1.wav' remapped 'res://assets/audio/amb_surface_river_v1.wav' at thread -1
Loading resource: res://scripts/world/surface_scenery.gd remapped: res://scripts/world/surface_scenery.gd
Completed load for: 'res://scripts/world/surface_scenery.gd' remapped 'res://scripts/world/surface_scenery.gd' at thread -1
Loading resource: res://assets/materials/space/landing_dust.gdshader remapped: res://assets/materials/space/landing_dust.gdshader
Completed load for: 'res://assets/materials/space/landing_dust.gdshader' remapped 'res://assets/materials/space/landing_dust.gdshader' at thread -1
Loading cache for shader SceneForwardClusteredShaderRD, variant 0
Loading cache for shader SceneForwardClusteredShaderRD, variant 1
Loading cache for shader SceneForwardClusteredShaderRD, variant 2
Loading cache for shader SceneForwardClusteredShaderRD, variant 3
Loading cache for shader SceneForwardClusteredShaderRD, variant 4
Loading cache for shader SceneForwardClusteredShaderRD, variant 5
Loading cache for shader SceneForwardClusteredShaderRD, variant 6
Loading cache for shader SceneForwardClusteredShaderRD, variant 7
Loading resource: res://assets/materials/space/surface_grain.gdshader remapped: res://assets/materials/space/surface_grain.gdshader
Completed load for: 'res://assets/materials/space/surface_grain.gdshader' remapped 'res://assets/materials/space/surface_grain.gdshader' at thread -1
Loading cache for shader SceneForwardClusteredShaderRD, variant 0
Loading cache for shader SceneForwardClusteredShaderRD, variant 1
Loading cache for shader SceneForwardClusteredShaderRD, variant 2
Loading cache for shader SceneForwardClusteredShaderRD, variant 3
Loading cache for shader SceneForwardClusteredShaderRD, variant 4
Loading cache for shader SceneForwardClusteredShaderRD, variant 5
Loading cache for shader SceneForwardClusteredShaderRD, variant 6
Loading cache for shader SceneForwardClusteredShaderRD, variant 7
Loading resource: res://assets/materials/space/water_interaction.gdshader remapped: res://assets/materials/space/water_interaction.gdshader
Completed load for: 'res://assets/materials/space/water_interaction.gdshader' remapped 'res://assets/materials/space/water_interaction.gdshader' at thread -1
Loading cache for shader SceneForwardClusteredShaderRD, variant 0
Loading cache for shader SceneForwardClusteredShaderRD, variant 1
Loading cache for shader SceneForwardClusteredShaderRD, variant 2
Loading cache for shader SceneForwardClusteredShaderRD, variant 3
Loading cache for shader SceneForwardClusteredShaderRD, variant 4
Loading cache for shader SceneForwardClusteredShaderRD, variant 5
Loading cache for shader SceneForwardClusteredShaderRD, variant 6
Loading cache for shader SceneForwardClusteredShaderRD, variant 7
Loading resource: res://assets/audio/sfx_water_enter_v1.wav remapped: res://assets/audio/sfx_water_enter_v1.wav
Loading resource: res://.godot/imported/sfx_water_enter_v1.wav-f1992565ccb4ed12259bd7079d09462b.sample remapped: res://.godot/imported/sfx_water_enter_v1.wav-f1992565ccb4ed12259bd7079d09462b.sample
Completed load for: 'res://assets/audio/sfx_water_enter_v1.wav' remapped 'res://assets/audio/sfx_water_enter_v1.wav' at thread -1
Loading resource: res://assets/audio/sfx_water_exit_v1.wav remapped: res://assets/audio/sfx_water_exit_v1.wav
Loading resource: res://.godot/imported/sfx_water_exit_v1.wav-9aa9786d5e223614ae3048571ced3c77.sample remapped: res://.godot/imported/sfx_water_exit_v1.wav-9aa9786d5e223614ae3048571ced3c77.sample
Completed load for: 'res://assets/audio/sfx_water_exit_v1.wav' remapped 'res://assets/audio/sfx_water_exit_v1.wav' at thread -1
Loading resource: res://assets/audio/sfx_water_step_v1.wav remapped: res://assets/audio/sfx_water_step_v1.wav
Loading resource: res://.godot/imported/sfx_water_step_v1.wav-177790c1065c505af26b4e7c73266958.sample remapped: res://.godot/imported/sfx_water_step_v1.wav-177790c1065c505af26b4e7c73266958.sample
Completed load for: 'res://assets/audio/sfx_water_step_v1.wav' remapped 'res://assets/audio/sfx_water_step_v1.wav' at thread -1
Loading resource: res://assets/audio/sfx_water_stroke_v1.wav remapped: res://assets/audio/sfx_water_stroke_v1.wav
Loading resource: res://.godot/imported/sfx_water_stroke_v1.wav-316d3b313afecc3a025cf8e69c601b6c.sample remapped: res://.godot/imported/sfx_water_stroke_v1.wav-316d3b313afecc3a025cf8e69c601b6c.sample
Completed load for: 'res://assets/audio/sfx_water_stroke_v1.wav' remapped 'res://assets/audio/sfx_water_stroke_v1.wav' at thread -1
Loading resource: res://assets/audio/sfx_water_shot_v1.wav remapped: res://assets/audio/sfx_water_shot_v1.wav
Loading resource: res://.godot/imported/sfx_water_shot_v1.wav-fe45b53f9892da3cdaf56b8d17b276b8.sample remapped: res://.godot/imported/sfx_water_shot_v1.wav-fe45b53f9892da3cdaf56b8d17b276b8.sample
Completed load for: 'res://assets/audio/sfx_water_shot_v1.wav' remapped 'res://assets/audio/sfx_water_shot_v1.wav' at thread -1
Loading resource: res://assets/audio/sfx_gun_smg.wav remapped: res://assets/audio/sfx_gun_smg.wav
Loading resource: res://.godot/imported/sfx_gun_smg.wav-0d1f457812d586a1473df474ea2c5dde.sample remapped: res://.godot/imported/sfx_gun_smg.wav-0d1f457812d586a1473df474ea2c5dde.sample
Completed load for: 'res://assets/audio/sfx_gun_smg.wav' remapped 'res://assets/audio/sfx_gun_smg.wav' at thread -1
Loading resource: res://assets/audio/sfx_gun_carbine.wav remapped: res://assets/audio/sfx_gun_carbine.wav
Loading resource: res://.godot/imported/sfx_gun_carbine.wav-5f3e5dda14c758cc1a42cd2ca1e27c2b.sample remapped: res://.godot/imported/sfx_gun_carbine.wav-5f3e5dda14c758cc1a42cd2ca1e27c2b.sample
Completed load for: 'res://assets/audio/sfx_gun_carbine.wav' remapped 'res://assets/audio/sfx_gun_carbine.wav' at thread -1
Loading resource: res://assets/audio/sfx_gun_plasma.wav remapped: res://assets/audio/sfx_gun_plasma.wav
Loading resource: res://.godot/imported/sfx_gun_plasma.wav-6004e4cf9a12659e87a7aad948b44486.sample remapped: res://.godot/imported/sfx_gun_plasma.wav-6004e4cf9a12659e87a7aad948b44486.sample
Completed load for: 'res://assets/audio/sfx_gun_plasma.wav' remapped 'res://assets/audio/sfx_gun_plasma.wav' at thread -1
Loading resource: res://assets/audio/sfx_ship_missile_blast.wav remapped: res://assets/audio/sfx_ship_missile_blast.wav
Loading resource: res://.godot/imported/sfx_ship_missile_blast.wav-c348b3ea46f4220bf49b61d36db499a8.sample remapped: res://.godot/imported/sfx_ship_missile_blast.wav-c348b3ea46f4220bf49b61d36db499a8.sample
Completed load for: 'res://assets/audio/sfx_ship_missile_blast.wav' remapped 'res://assets/audio/sfx_ship_missile_blast.wav' at thread -1
Loading resource: res://scripts/ui/coopertech_clue_overlay.gd remapped: res://scripts/ui/coopertech_clue_overlay.gd
Completed load for: 'res://scripts/ui/coopertech_clue_overlay.gd' remapped 'res://scripts/ui/coopertech_clue_overlay.gd' at thread -1
Loading resource: res://assets/audio/amb_weather_rain.wav remapped: res://assets/audio/amb_weather_rain.wav
Loading resource: res://.godot/imported/amb_weather_rain.wav-bb5b03686c8542ee4f6de44670727ceb.sample remapped: res://.godot/imported/amb_weather_rain.wav-bb5b03686c8542ee4f6de44670727ceb.sample
Completed load for: 'res://assets/audio/amb_weather_rain.wav' remapped 'res://assets/audio/amb_weather_rain.wav' at thread -1
Loading resource: res://assets/audio/amb_weather_acid.wav remapped: res://assets/audio/amb_weather_acid.wav
Loading resource: res://.godot/imported/amb_weather_acid.wav-f3164892c175fe4190846af82faad6e5.sample remapped: res://.godot/imported/amb_weather_acid.wav-f3164892c175fe4190846af82faad6e5.sample
Completed load for: 'res://assets/audio/amb_weather_acid.wav' remapped 'res://assets/audio/amb_weather_acid.wav' at thread -1
Loading resource: res://assets/audio/sfx_weather_thunder.wav remapped: res://assets/audio/sfx_weather_thunder.wav
Loading resource: res://.godot/imported/sfx_weather_thunder.wav-f0d3a9b1301b4d1607887d85470fc7e5.sample remapped: res://.godot/imported/sfx_weather_thunder.wav-f0d3a9b1301b4d1607887d85470fc7e5.sample
Completed load for: 'res://assets/audio/sfx_weather_thunder.wav' remapped 'res://assets/audio/sfx_weather_thunder.wav' at thread -1
Loading resource: res://assets/audio/sfx_incident_beacon.wav remapped: res://assets/audio/sfx_incident_beacon.wav
Loading resource: res://.godot/imported/sfx_incident_beacon.wav-34e52e011588567187a943f0d13d2348.sample remapped: res://.godot/imported/sfx_incident_beacon.wav-34e52e011588567187a943f0d13d2348.sample
Completed load for: 'res://assets/audio/sfx_incident_beacon.wav' remapped 'res://assets/audio/sfx_incident_beacon.wav' at thread -1
Loading cache for shader SceneForwardClusteredShaderRD, variant 0
Loading cache for shader SceneForwardClusteredShaderRD, variant 1
Loading cache for shader SceneForwardClusteredShaderRD, variant 2
Loading cache for shader SceneForwardClusteredShaderRD, variant 3
Loading cache for shader SceneForwardClusteredShaderRD, variant 4
Loading cache for shader SceneForwardClusteredShaderRD, variant 5
Loading cache for shader SceneForwardClusteredShaderRD, variant 6
Loading cache for shader SceneForwardClusteredShaderRD, variant 7
Loading resource: res://assets/models/equipment/gun_carbine.glb remapped: res://assets/models/equipment/gun_carbine.glb
Loading resource: res://.godot/imported/gun_carbine.glb-6d3077ee342a626fc2b6174d239a30c7.scn remapped: res://.godot/imported/gun_carbine.glb-6d3077ee342a626fc2b6174d239a30c7.scn
Completed load for: 'res://assets/models/equipment/gun_carbine.glb' remapped 'res://assets/models/equipment/gun_carbine.glb' at thread -1
Loading resource: res://assets/models/ships/mine_service_pack.glb remapped: res://assets/models/ships/mine_service_pack.glb
Loading resource: res://.godot/imported/mine_service_pack.glb-90f3ce6d24c504a25611f17755dc6ccd.scn remapped: res://.godot/imported/mine_service_pack.glb-90f3ce6d24c504a25611f17755dc6ccd.scn
Completed load for: 'res://assets/models/ships/mine_service_pack.glb' remapped 'res://assets/models/ships/mine_service_pack.glb' at thread -1
MultiUmaBuffer 'RENDER_LIST_SECONDARY' used a total of 0 buffers. A large number may indicate a waste of VRAM and can be brought down by tweaking MAX_EXTRA_BUFFERS for this buffer.
Loading resource: res://assets/models/ore_ice.glb remapped: res://assets/models/ore_ice.glb
Loading resource: res://.godot/imported/ore_ice.glb-4d33d5a698d6a67d5da62a2f9ce83c59.scn remapped: res://.godot/imported/ore_ice.glb-4d33d5a698d6a67d5da62a2f9ce83c59.scn
Completed load for: 'res://assets/models/ore_ice.glb' remapped 'res://assets/models/ore_ice.glb' at thread 5
Loading resource: res://assets/models/ore_phosphate_b.glb remapped: res://assets/models/ore_phosphate_b.glb
Loading resource: res://.godot/imported/ore_phosphate_b.glb-2c81800b55c1696dbf102e031c6b837c.scn remapped: res://.godot/imported/ore_phosphate_b.glb-2c81800b55c1696dbf102e031c6b837c.scn
Completed load for: 'res://assets/models/ore_phosphate_b.glb' remapped 'res://assets/models/ore_phosphate_b.glb' at thread 5
Loading resource: res://assets/models/discoveries/spore_sails.glb remapped: res://assets/models/discoveries/spore_sails.glb
Loading resource: res://.godot/imported/spore_sails.glb-044fce0dc33f8f56e8086b644bbbc7aa.scn remapped: res://.godot/imported/spore_sails.glb-044fce0dc33f8f56e8086b644bbbc7aa.scn
Completed load for: 'res://assets/models/discoveries/spore_sails.glb' remapped 'res://assets/models/discoveries/spore_sails.glb' at thread 5
Loading resource: res://assets/models/discoveries/meteor_glass.glb remapped: res://assets/models/discoveries/meteor_glass.glb
Loading resource: res://.godot/imported/meteor_glass.glb-8ad13b07e7f62a9dfeb39b0827e9eff0.scn remapped: res://.godot/imported/meteor_glass.glb-8ad13b07e7f62a9dfeb39b0827e9eff0.scn
Completed load for: 'res://assets/models/discoveries/meteor_glass.glb' remapped 'res://assets/models/discoveries/meteor_glass.glb' at thread 5
Loading resource: res://assets/models/discoveries/hollow_geode.glb remapped: res://assets/models/discoveries/hollow_geode.glb
Loading resource: res://.godot/imported/hollow_geode.glb-597aeafc997734136bb9c23aa1e8e8e7.scn remapped: res://.godot/imported/hollow_geode.glb-597aeafc997734136bb9c23aa1e8e8e7.scn
Completed load for: 'res://assets/models/discoveries/hollow_geode.glb' remapped 'res://assets/models/discoveries/hollow_geode.glb' at thread 5
Loading resource: res://assets/models/discoveries/magnetic_arch.glb remapped: res://assets/models/discoveries/magnetic_arch.glb
Loading resource: res://.godot/imported/magnetic_arch.glb-e417beef612b97f2ccb8a92725d76d0c.scn remapped: res://.godot/imported/magnetic_arch.glb-e417beef612b97f2ccb8a92725d76d0c.scn
Completed load for: 'res://assets/models/discoveries/magnetic_arch.glb' remapped 'res://assets/models/discoveries/magnetic_arch.glb' at thread 5
Loading resource: res://assets/models/discoveries/iron_sand_ribbons.glb remapped: res://assets/models/discoveries/iron_sand_ribbons.glb
Loading resource: res://.godot/imported/iron_sand_ribbons.glb-f452471ea347f15b7b7d6ce3566de6c6.scn remapped: res://.godot/imported/iron_sand_ribbons.glb-f452471ea347f15b7b7d6ce3566de6c6.scn
Completed load for: 'res://assets/models/discoveries/iron_sand_ribbons.glb' remapped 'res://assets/models/discoveries/iron_sand_ribbons.glb' at thread 5
Loading resource: res://assets/models/discoveries/seed_pockets.glb remapped: res://assets/models/discoveries/seed_pockets.glb
Loading resource: res://.godot/imported/seed_pockets.glb-9d1b3f3e39789f59eb662f8ca50386aa.scn remapped: res://.godot/imported/seed_pockets.glb-9d1b3f3e39789f59eb662f8ca50386aa.scn
Completed load for: 'res://assets/models/discoveries/seed_pockets.glb' remapped 'res://assets/models/discoveries/seed_pockets.glb' at thread 5
Loading resource: res://assets/models/vehicles/scout_rover.glb remapped: res://assets/models/vehicles/scout_rover.glb
Loading resource: res://.godot/imported/scout_rover.glb-313a10f3ee92aaaed05ed0ad2f3fa60e.scn remapped: res://.godot/imported/scout_rover.glb-313a10f3ee92aaaed05ed0ad2f3fa60e.scn
Completed load for: 'res://assets/models/vehicles/scout_rover.glb' remapped 'res://assets/models/vehicles/scout_rover.glb' at thread -1
Loading resource: res://assets/models/equipment/firearm_hand_right.glb remapped: res://assets/models/equipment/firearm_hand_right.glb
Loading resource: res://.godot/imported/firearm_hand_right.glb-976c1b22ad82aa305dce0a53fbceaec2.scn remapped: res://.godot/imported/firearm_hand_right.glb-976c1b22ad82aa305dce0a53fbceaec2.scn
Completed load for: 'res://assets/models/equipment/firearm_hand_right.glb' remapped 'res://assets/models/equipment/firearm_hand_right.glb' at thread -1
Loading resource: res://assets/models/equipment/firearm_hand_left.glb remapped: res://assets/models/equipment/firearm_hand_left.glb
Loading resource: res://.godot/imported/firearm_hand_left.glb-bf661a3efe04af611735d7c0597c52b7.scn remapped: res://.godot/imported/firearm_hand_left.glb-bf661a3efe04af611735d7c0597c52b7.scn
Completed load for: 'res://assets/models/equipment/firearm_hand_left.glb' remapped 'res://assets/models/equipment/firearm_hand_left.glb' at thread -1
Loading resource: res://assets/models/ore_copper.glb remapped: res://assets/models/ore_copper.glb
Loading resource: res://.godot/imported/ore_copper.glb-a9df79f35f2f8f0783a532121d7bbd8b.scn remapped: res://.godot/imported/ore_copper.glb-a9df79f35f2f8f0783a532121d7bbd8b.scn
Completed load for: 'res://assets/models/ore_copper.glb' remapped 'res://assets/models/ore_copper.glb' at thread 5
Loading resource: res://assets/models/ore_ice_b.glb remapped: res://assets/models/ore_ice_b.glb
Loading resource: res://.godot/imported/ore_ice_b.glb-e60d694782445b52966f0d4a08461c79.scn remapped: res://.godot/imported/ore_ice_b.glb-e60d694782445b52966f0d4a08461c79.scn
Completed load for: 'res://assets/models/ore_ice_b.glb' remapped 'res://assets/models/ore_ice_b.glb' at thread 5
PASS flight field Forward+ ready
Loading resource: res://assets/models/ore_aluminum_b.glb remapped: res://assets/models/ore_aluminum_b.glb
Loading resource: res://.godot/imported/ore_aluminum_b.glb-04e4e08e68d474d8874c3d888db1510c.scn remapped: res://.godot/imported/ore_aluminum_b.glb-04e4e08e68d474d8874c3d888db1510c.scn
Completed load for: 'res://assets/models/ore_aluminum_b.glb' remapped 'res://assets/models/ore_aluminum_b.glb' at thread 2
Loading resource: res://assets/models/creature_remodel/r06/bio_lithic_14_near.glb remapped: res://assets/models/creature_remodel/r06/bio_lithic_14_near.glb
Loading resource: res://.godot/imported/bio_lithic_14_near.glb-4da6d60c43821cf7489890d733a1694b.scn remapped: res://.godot/imported/bio_lithic_14_near.glb-4da6d60c43821cf7489890d733a1694b.scn
Loading resource: res://assets/models/creature_remodel/r06/bio_lithic_14_far.glb remapped: res://assets/models/creature_remodel/r06/bio_lithic_14_far.glb
Loading resource: res://.godot/imported/bio_lithic_14_far.glb-718ec46e69c325951e5a0bd1a28537ef.scn remapped: res://.godot/imported/bio_lithic_14_far.glb-718ec46e69c325951e5a0bd1a28537ef.scn
Completed load for: 'res://assets/models/creature_remodel/r06/bio_lithic_14_near.glb' remapped 'res://assets/models/creature_remodel/r06/bio_lithic_14_near.glb' at thread 2
Completed load for: 'res://assets/models/creature_remodel/r06/bio_lithic_14_far.glb' remapped 'res://assets/models/creature_remodel/r06/bio_lithic_14_far.glb' at thread 6
Loading resource: res://assets/audio/sfx_suit_land.wav remapped: res://assets/audio/sfx_suit_land.wav
Loading resource: res://.godot/imported/sfx_suit_land.wav-71d527cb99c991d5023265936150281d.sample remapped: res://.godot/imported/sfx_suit_land.wav-71d527cb99c991d5023265936150281d.sample
Completed load for: 'res://assets/audio/sfx_suit_land.wav' remapped 'res://assets/audio/sfx_suit_land.wav' at thread -1
Loading resource: res://assets/models/ore_silicon.glb remapped: res://assets/models/ore_silicon.glb
Loading resource: res://.godot/imported/ore_silicon.glb-8688d58bb2ba6f2ad9e50dbadb278471.scn remapped: res://.godot/imported/ore_silicon.glb-8688d58bb2ba6f2ad9e50dbadb278471.scn
Completed load for: 'res://assets/models/ore_silicon.glb' remapped 'res://assets/models/ore_silicon.glb' at thread 2
Loading resource: res://assets/models/ore_stone_b.glb remapped: res://assets/models/ore_stone_b.glb
Loading resource: res://.godot/imported/ore_stone_b.glb-f61db220b72aee3cad3c9101cf259b04.scn remapped: res://.godot/imported/ore_stone_b.glb-f61db220b72aee3cad3c9101cf259b04.scn
Completed load for: 'res://assets/models/ore_stone_b.glb' remapped 'res://assets/models/ore_stone_b.glb' at thread 2
Loading resource: res://assets/models/ore_iron.glb remapped: res://assets/models/ore_iron.glb
Loading resource: res://.godot/imported/ore_iron.glb-25105a1f39673f8f1245acd0eb4301a7.scn remapped: res://.godot/imported/ore_iron.glb-25105a1f39673f8f1245acd0eb4301a7.scn
Completed load for: 'res://assets/models/ore_iron.glb' remapped 'res://assets/models/ore_iron.glb' at thread 2
Loading resource: res://assets/models/ore_copper_b.glb remapped: res://assets/models/ore_copper_b.glb
Loading resource: res://.godot/imported/ore_copper_b.glb-bc1c4dfe4d16552635ebd3a0df6ba5e9.scn remapped: res://.godot/imported/ore_copper_b.glb-bc1c4dfe4d16552635ebd3a0df6ba5e9.scn
Completed load for: 'res://assets/models/ore_copper_b.glb' remapped 'res://assets/models/ore_copper_b.glb' at thread 2
Loading resource: res://assets/models/ore_emerald_b.glb remapped: res://assets/models/ore_emerald_b.glb
Loading resource: res://.godot/imported/ore_emerald_b.glb-67c8fde978dbcca7b53788d8967ffcb8.scn remapped: res://.godot/imported/ore_emerald_b.glb-67c8fde978dbcca7b53788d8967ffcb8.scn
Completed load for: 'res://assets/models/ore_emerald_b.glb' remapped 'res://assets/models/ore_emerald_b.glb' at thread 2
Loading resource: res://assets/models/crew/recovery_crate.glb remapped: res://assets/models/crew/recovery_crate.glb
Loading resource: res://.godot/imported/recovery_crate.glb-24bde9330904e8931e03cb168ed86ddd.scn remapped: res://.godot/imported/recovery_crate.glb-24bde9330904e8931e03cb168ed86ddd.scn
Completed load for: 'res://assets/models/crew/recovery_crate.glb' remapped 'res://assets/models/crew/recovery_crate.glb' at thread 2
Loading resource: res://assets/models/ore_aluminum.glb remapped: res://assets/models/ore_aluminum.glb
Loading resource: res://.godot/imported/ore_aluminum.glb-47f3e4e7597680a8898e6df990900b4b.scn remapped: res://.godot/imported/ore_aluminum.glb-47f3e4e7597680a8898e6df990900b4b.scn
Completed load for: 'res://assets/models/ore_aluminum.glb' remapped 'res://assets/models/ore_aluminum.glb' at thread 2
Loading resource: res://assets/models/ore_silicon_b.glb remapped: res://assets/models/ore_silicon_b.glb
Loading resource: res://.godot/imported/ore_silicon_b.glb-276387fe933f1f45c6041208b1ec43c9.scn remapped: res://.godot/imported/ore_silicon_b.glb-276387fe933f1f45c6041208b1ec43c9.scn
Completed load for: 'res://assets/models/ore_silicon_b.glb' remapped 'res://assets/models/ore_silicon_b.glb' at thread 2
Loading resource: res://assets/models/creature_remodel/r03/biota_chain_gills_38_near.glb remapped: res://assets/models/creature_remodel/r03/biota_chain_gills_38_near.glb
Loading resource: res://.godot/imported/biota_chain_gills_38_near.glb-ddf7ed2672ea349a9459a3ce6317b9b4.scn remapped: res://.godot/imported/biota_chain_gills_38_near.glb-ddf7ed2672ea349a9459a3ce6317b9b4.scn
Completed load for: 'res://assets/models/creature_remodel/r03/biota_chain_gills_38_near.glb' remapped 'res://assets/models/creature_remodel/r03/biota_chain_gills_38_near.glb' at thread 2
Loading resource: res://assets/models/creature_remodel/r03/biota_chain_gills_38_far.glb remapped: res://assets/models/creature_remodel/r03/biota_chain_gills_38_far.glb
Loading resource: res://.godot/imported/biota_chain_gills_38_far.glb-4bf7a30310482fb67c5847e1a18dbe56.scn remapped: res://.godot/imported/biota_chain_gills_38_far.glb-4bf7a30310482fb67c5847e1a18dbe56.scn
Completed load for: 'res://assets/models/creature_remodel/r03/biota_chain_gills_38_far.glb' remapped 'res://assets/models/creature_remodel/r03/biota_chain_gills_38_far.glb' at thread 2
Loading resource: res://assets/models/creature_remodel/r05/biota_bilateral_mandibles_26_near.glb remapped: res://assets/models/creature_remodel/r05/biota_bilateral_mandibles_26_near.glb
Loading resource: res://.godot/imported/biota_bilateral_mandibles_26_near.glb-d0fe5c970d1651dfd676ce1ce3df8d6a.scn remapped: res://.godot/imported/biota_bilateral_mandibles_26_near.glb-d0fe5c970d1651dfd676ce1ce3df8d6a.scn
Completed load for: 'res://assets/models/creature_remodel/r05/biota_bilateral_mandibles_26_near.glb' remapped 'res://assets/models/creature_remodel/r05/biota_bilateral_mandibles_26_near.glb' at thread 2
Loading resource: res://assets/models/creature_remodel/r05/biota_bilateral_mandibles_26_far.glb remapped: res://assets/models/creature_remodel/r05/biota_bilateral_mandibles_26_far.glb
Loading resource: res://.godot/imported/biota_bilateral_mandibles_26_far.glb-a7ec5436f43addf8fb5050c22e6a9f02.scn remapped: res://.godot/imported/biota_bilateral_mandibles_26_far.glb-a7ec5436f43addf8fb5050c22e6a9f02.scn
Completed load for: 'res://assets/models/creature_remodel/r05/biota_bilateral_mandibles_26_far.glb' remapped 'res://assets/models/creature_remodel/r05/biota_bilateral_mandibles_26_far.glb' at thread 2
load_threaded_request(): Another threaded load for resource path 'res://assets/models/creature_remodel/r03/biota_lobopod_antennal_fans_11_near.glb' has been initiated. Not an error.
load_threaded_request(): Another threaded load for resource path 'res://assets/models/creature_remodel/r03/biota_lobopod_antennal_fans_11_far.glb' has been initiated. Not an error.
PASS natural flying rig loaded
Loading resource: res://assets/models/manual_tool.glb remapped: res://assets/models/manual_tool.glb
Loading resource: res://.godot/imported/manual_tool.glb-25724a7e0ee4b6c3c63a275453429bdb.scn remapped: res://.godot/imported/manual_tool.glb-25724a7e0ee4b6c3c63a275453429bdb.scn
Completed load for: 'res://assets/models/manual_tool.glb' remapped 'res://assets/models/manual_tool.glb' at thread -1
Loading resource: res://assets/ui/resources/research_parts.svg remapped: res://assets/ui/resources/research_parts.svg
Loading resource: res://.godot/imported/research_parts.svg-73c40ee359510e414938f6e631d46da4.ctex remapped: res://.godot/imported/research_parts.svg-73c40ee359510e414938f6e631d46da4.ctex
Completed load for: 'res://assets/ui/resources/research_parts.svg' remapped 'res://assets/ui/resources/research_parts.svg' at thread -1
Loading resource: res://assets/models/equipment/jetpack_mk2.glb remapped: res://assets/models/equipment/jetpack_mk2.glb
Loading resource: res://.godot/imported/jetpack_mk2.glb-a011282a83c2017fb0e5e8eb160bb0f4.scn remapped: res://.godot/imported/jetpack_mk2.glb-a011282a83c2017fb0e5e8eb160bb0f4.scn
Completed load for: 'res://assets/models/equipment/jetpack_mk2.glb' remapped 'res://assets/models/equipment/jetpack_mk2.glb' at thread -1
Loading resource: res://assets/ui/equipment/miner_mk2.png remapped: res://assets/ui/equipment/miner_mk2.png
Loading resource: res://.godot/imported/miner_mk2.png-465f4c23b179c5c86e97badf47faeae2.ctex remapped: res://.godot/imported/miner_mk2.png-465f4c23b179c5c86e97badf47faeae2.ctex
Completed load for: 'res://assets/ui/equipment/miner_mk2.png' remapped 'res://assets/ui/equipment/miner_mk2.png' at thread -1
Loading resource: res://assets/ui/equipment/terrain_shaper.png remapped: res://assets/ui/equipment/terrain_shaper.png
Loading resource: res://.godot/imported/terrain_shaper.png-5d179e65630da8e64fe6d1a0e5db0c60.ctex remapped: res://.godot/imported/terrain_shaper.png-5d179e65630da8e64fe6d1a0e5db0c60.ctex
Completed load for: 'res://assets/ui/equipment/terrain_shaper.png' remapped 'res://assets/ui/equipment/terrain_shaper.png' at thread -1
Loading resource: res://assets/ui/equipment/terrain_mk2.png remapped: res://assets/ui/equipment/terrain_mk2.png
Loading resource: res://.godot/imported/terrain_mk2.png-cffc9a5ca5fb3550603757fb4216eee5.ctex remapped: res://.godot/imported/terrain_mk2.png-cffc9a5ca5fb3550603757fb4216eee5.ctex
Completed load for: 'res://assets/ui/equipment/terrain_mk2.png' remapped 'res://assets/ui/equipment/terrain_mk2.png' at thread -1
Loading resource: res://assets/ui/previews/gun_pistol.png remapped: res://assets/ui/previews/gun_pistol.png
Loading resource: res://.godot/imported/gun_pistol.png-a3f21a48898df851d9aafc8ec362e9d2.ctex remapped: res://.godot/imported/gun_pistol.png-a3f21a48898df851d9aafc8ec362e9d2.ctex
Completed load for: 'res://assets/ui/previews/gun_pistol.png' remapped 'res://assets/ui/previews/gun_pistol.png' at thread -1
Loading resource: res://assets/ui/previews/gun_smg.png remapped: res://assets/ui/previews/gun_smg.png
Loading resource: res://.godot/imported/gun_smg.png-e17ff1ee4505353dfc76fda0e4a7b7c8.ctex remapped: res://.godot/imported/gun_smg.png-e17ff1ee4505353dfc76fda0e4a7b7c8.ctex
Completed load for: 'res://assets/ui/previews/gun_smg.png' remapped 'res://assets/ui/previews/gun_smg.png' at thread -1
Loading resource: res://assets/ui/previews/gun_shotgun.png remapped: res://assets/ui/previews/gun_shotgun.png
Loading resource: res://.godot/imported/gun_shotgun.png-508c85c8be6852d95099f3879b684609.ctex remapped: res://.godot/imported/gun_shotgun.png-508c85c8be6852d95099f3879b684609.ctex
Completed load for: 'res://assets/ui/previews/gun_shotgun.png' remapped 'res://assets/ui/previews/gun_shotgun.png' at thread -1
Loading resource: res://assets/ui/previews/gun_lmg.png remapped: res://assets/ui/previews/gun_lmg.png
Loading resource: res://.godot/imported/gun_lmg.png-da1effd384a2f920cad150c378d8114d.ctex remapped: res://.godot/imported/gun_lmg.png-da1effd384a2f920cad150c378d8114d.ctex
Completed load for: 'res://assets/ui/previews/gun_lmg.png' remapped 'res://assets/ui/previews/gun_lmg.png' at thread -1
Loading resource: res://assets/models/ore_phosphate.glb remapped: res://assets/models/ore_phosphate.glb
Loading resource: res://.godot/imported/ore_phosphate.glb-d7b10853269d099b32867ab51d367861.scn remapped: res://.godot/imported/ore_phosphate.glb-d7b10853269d099b32867ab51d367861.scn
Loading resource: res://assets/ui/previews/gun_marksman.png remapped: res://assets/ui/previews/gun_marksman.png
Loading resource: res://.godot/imported/gun_marksman.png-20fc63d7e789a7db96ae59df1e3ce235.ctex remapped: res://.godot/imported/gun_marksman.png-20fc63d7e789a7db96ae59df1e3ce235.ctex
Completed load for: 'res://assets/ui/previews/gun_marksman.png' remapped 'res://assets/ui/previews/gun_marksman.png' at thread -1
Loading resource: res://assets/ui/previews/gun_sniper.png remapped: res://assets/ui/previews/gun_sniper.png
Completed load for: 'res://assets/models/ore_phosphate.glb' remapped 'res://assets/models/ore_phosphate.glb' at thread 2
Loading resource: res://.godot/imported/gun_sniper.png-f8cafbcc1f1377499012a7b11fcf083d.ctex remapped: res://.godot/imported/gun_sniper.png-f8cafbcc1f1377499012a7b11fcf083d.ctex
Completed load for: 'res://assets/ui/previews/gun_sniper.png' remapped 'res://assets/ui/previews/gun_sniper.png' at thread -1
Loading resource: res://assets/ui/previews/gun_plasma.png remapped: res://assets/ui/previews/gun_plasma.png
Loading resource: res://.godot/imported/gun_plasma.png-f944c30a9280bfe85bb71140cb28d8d6.ctex remapped: res://.godot/imported/gun_plasma.png-f944c30a9280bfe85bb71140cb28d8d6.ctex
Completed load for: 'res://assets/ui/previews/gun_plasma.png' remapped 'res://assets/ui/previews/gun_plasma.png' at thread -1
Loading resource: res://assets/ui/previews/gun_laser.png remapped: res://assets/ui/previews/gun_laser.png
Loading resource: res://.godot/imported/gun_laser.png-c34c45f28989a5d669568970e827517f.ctex remapped: res://.godot/imported/gun_laser.png-c34c45f28989a5d669568970e827517f.ctex
Loading resource: res://assets/models/creature_remodel/r03/biota_lobopod_antennal_fans_11_near.glb remapped: res://assets/models/creature_remodel/r03/biota_lobopod_antennal_fans_11_near.glb
Completed load for: 'res://assets/ui/previews/gun_laser.png' remapped 'res://assets/ui/previews/gun_laser.png' at thread -1
Loading resource: res://.godot/imported/biota_lobopod_antennal_fans_11_near.glb-ed9c5c49def11aa14a0313e1b926075f.scn remapped: res://.godot/imported/biota_lobopod_antennal_fans_11_near.glb-ed9c5c49def11aa14a0313e1b926075f.scn
Loading resource: res://assets/ui/equipment/jetpack_mk2.png remapped: res://assets/ui/equipment/jetpack_mk2.png
Loading resource: res://.godot/imported/jetpack_mk2.png-bf8285e636b9c97ff1199a0f33f14f1f.ctex remapped: res://.godot/imported/jetpack_mk2.png-bf8285e636b9c97ff1199a0f33f14f1f.ctex
Completed load for: 'res://assets/ui/equipment/jetpack_mk2.png' remapped 'res://assets/ui/equipment/jetpack_mk2.png' at thread -1
Completed load for: 'res://assets/models/creature_remodel/r03/biota_lobopod_antennal_fans_11_near.glb' remapped 'res://assets/models/creature_remodel/r03/biota_lobopod_antennal_fans_11_near.glb' at thread 2
Loading resource: res://assets/models/creature_remodel/r03/biota_lobopod_antennal_fans_11_far.glb remapped: res://assets/models/creature_remodel/r03/biota_lobopod_antennal_fans_11_far.glb
Loading resource: res://.godot/imported/biota_lobopod_antennal_fans_11_far.glb-4e765201b4f45819f2ff49898225faab.scn remapped: res://.godot/imported/biota_lobopod_antennal_fans_11_far.glb-4e765201b4f45819f2ff49898225faab.scn
Loading resource: res://assets/materials/space/recovery_water.gdshader remapped: res://assets/materials/space/recovery_water.gdshader
Completed load for: 'res://assets/materials/space/recovery_water.gdshader' remapped 'res://assets/materials/space/recovery_water.gdshader' at thread -1
Loading cache for shader SceneForwardClusteredShaderRD, variant 0
Loading cache for shader SceneForwardClusteredShaderRD, variant 1
Loading cache for shader SceneForwardClusteredShaderRD, variant 2
Loading cache for shader SceneForwardClusteredShaderRD, variant 3
Loading cache for shader SceneForwardClusteredShaderRD, variant 4
Loading cache for shader SceneForwardClusteredShaderRD, variant 5
Loading cache for shader SceneForwardClusteredShaderRD, variant 6
Loading cache for shader SceneForwardClusteredShaderRD, variant 7
Completed load for: 'res://assets/models/creature_remodel/r03/biota_lobopod_antennal_fans_11_far.glb' remapped 'res://assets/models/creature_remodel/r03/biota_lobopod_antennal_fans_11_far.glb' at thread 2
Loading resource: res://assets/audio/sfx_factory_complete.wav remapped: res://assets/audio/sfx_factory_complete.wav
Loading resource: res://.godot/imported/sfx_factory_complete.wav-dc015f3d137076b81b5aa6d29ee4e90d.sample remapped: res://.godot/imported/sfx_factory_complete.wav-dc015f3d137076b81b5aa6d29ee4e90d.sample
Completed load for: 'res://assets/audio/sfx_factory_complete.wav' remapped 'res://assets/audio/sfx_factory_complete.wav' at thread -1
FLIGHT_REQUEST { "ok": true, "error": "", "sequence": 2 }
PASS craft through actual inventory request
Loading resource: res://assets/models/manual_tool.glb remapped: res://assets/models/manual_tool.glb
Loading resource: res://.godot/imported/manual_tool.glb-25724a7e0ee4b6c3c63a275453429bdb.scn remapped: res://.godot/imported/manual_tool.glb-25724a7e0ee4b6c3c63a275453429bdb.scn
Completed load for: 'res://assets/models/manual_tool.glb' remapped 'res://assets/models/manual_tool.glb' at thread -1
Loading resource: res://assets/models/equipment/jetpack_mk2.glb remapped: res://assets/models/equipment/jetpack_mk2.glb
Loading resource: res://.godot/imported/jetpack_mk2.glb-a011282a83c2017fb0e5e8eb160bb0f4.scn remapped: res://.godot/imported/jetpack_mk2.glb-a011282a83c2017fb0e5e8eb160bb0f4.scn
Completed load for: 'res://assets/models/equipment/jetpack_mk2.glb' remapped 'res://assets/models/equipment/jetpack_mk2.glb' at thread -1
Loading resource: res://assets/models/creature_remodel/r06/bio_lithic_14_near.glb remapped: res://assets/models/creature_remodel/r06/bio_lithic_14_near.glb
Loading resource: res://.godot/imported/bio_lithic_14_near.glb-4da6d60c43821cf7489890d733a1694b.scn remapped: res://.godot/imported/bio_lithic_14_near.glb-4da6d60c43821cf7489890d733a1694b.scn
Completed load for: 'res://assets/models/creature_remodel/r06/bio_lithic_14_near.glb' remapped 'res://assets/models/creature_remodel/r06/bio_lithic_14_near.glb' at thread 2
Loading resource: res://assets/models/creature_remodel/r06/bio_lithic_14_far.glb remapped: res://assets/models/creature_remodel/r06/bio_lithic_14_far.glb
Loading resource: res://.godot/imported/bio_lithic_14_far.glb-718ec46e69c325951e5a0bd1a28537ef.scn remapped: res://.godot/imported/bio_lithic_14_far.glb-718ec46e69c325951e5a0bd1a28537ef.scn
Completed load for: 'res://assets/models/creature_remodel/r06/bio_lithic_14_far.glb' remapped 'res://assets/models/creature_remodel/r06/bio_lithic_14_far.glb' at thread 2
Loading resource: res://assets/audio/sfx_build_place.wav remapped: res://assets/audio/sfx_build_place.wav
Loading resource: res://.godot/imported/sfx_build_place.wav-ea39278a666e77123b2498e2d829cfde.sample remapped: res://.godot/imported/sfx_build_place.wav-ea39278a666e77123b2498e2d829cfde.sample
Completed load for: 'res://assets/audio/sfx_build_place.wav' remapped 'res://assets/audio/sfx_build_place.wav' at thread -1
FLIGHT_REQUEST { "ok": true, "error": "", "sequence": 3 }
Loading resource: res://assets/models/biota/biota_plant_lithops_20_near.glb remapped: res://assets/models/biota/biota_plant_lithops_20_near.glb
Loading resource: res://.godot/imported/biota_plant_lithops_20_near.glb-c7734a98b9f83692abf6dd9980619ede.scn remapped: res://.godot/imported/biota_plant_lithops_20_near.glb-c7734a98b9f83692abf6dd9980619ede.scn
Completed load for: 'res://assets/models/biota/biota_plant_lithops_20_near.glb' remapped 'res://assets/models/biota/biota_plant_lithops_20_near.glb' at thread 2
Loading resource: res://assets/models/biota/biota_plant_lithops_20_far.glb remapped: res://assets/models/biota/biota_plant_lithops_20_far.glb
Loading resource: res://.godot/imported/biota_plant_lithops_20_far.glb-fda3439d5334356e31c0d186ea59ae52.scn remapped: res://.godot/imported/biota_plant_lithops_20_far.glb-fda3439d5334356e31c0d186ea59ae52.scn
Completed load for: 'res://assets/models/biota/biota_plant_lithops_20_far.glb' remapped 'res://assets/models/biota/biota_plant_lithops_20_far.glb' at thread 2
PASS back equipment confirmed by host
Loading resource: res://assets/models/creature_remodel/r03/biota_chain_gills_38_near.glb remapped: res://assets/models/creature_remodel/r03/biota_chain_gills_38_near.glb
Loading resource: res://.godot/imported/biota_chain_gills_38_near.glb-ddf7ed2672ea349a9459a3ce6317b9b4.scn remapped: res://.godot/imported/biota_chain_gills_38_near.glb-ddf7ed2672ea349a9459a3ce6317b9b4.scn
Completed load for: 'res://assets/models/creature_remodel/r03/biota_chain_gills_38_near.glb' remapped 'res://assets/models/creature_remodel/r03/biota_chain_gills_38_near.glb' at thread 2
Loading resource: res://assets/models/creature_remodel/r03/biota_chain_gills_38_far.glb remapped: res://assets/models/creature_remodel/r03/biota_chain_gills_38_far.glb
Loading resource: res://.godot/imported/biota_chain_gills_38_far.glb-4bf7a30310482fb67c5847e1a18dbe56.scn remapped: res://.godot/imported/biota_chain_gills_38_far.glb-4bf7a30310482fb67c5847e1a18dbe56.scn
Completed load for: 'res://assets/models/creature_remodel/r03/biota_chain_gills_38_far.glb' remapped 'res://assets/models/creature_remodel/r03/biota_chain_gills_38_far.glb' at thread 2
Loading resource: res://assets/models/creature_remodel/r06/bio_lithic_14_near.glb remapped: res://assets/models/creature_remodel/r06/bio_lithic_14_near.glb
Loading resource: res://.godot/imported/bio_lithic_14_near.glb-4da6d60c43821cf7489890d733a1694b.scn remapped: res://.godot/imported/bio_lithic_14_near.glb-4da6d60c43821cf7489890d733a1694b.scn
Completed load for: 'res://assets/models/creature_remodel/r06/bio_lithic_14_near.glb' remapped 'res://assets/models/creature_remodel/r06/bio_lithic_14_near.glb' at thread 2
Loading resource: res://assets/models/creature_remodel/r06/bio_lithic_14_far.glb remapped: res://assets/models/creature_remodel/r06/bio_lithic_14_far.glb
Loading resource: res://.godot/imported/bio_lithic_14_far.glb-718ec46e69c325951e5a0bd1a28537ef.scn remapped: res://.godot/imported/bio_lithic_14_far.glb-718ec46e69c325951e5a0bd1a28537ef.scn
Completed load for: 'res://assets/models/creature_remodel/r06/bio_lithic_14_far.glb' remapped 'res://assets/models/creature_remodel/r06/bio_lithic_14_far.glb' at thread 2
Loading resource: res://assets/models/creature_remodel/r03/biota_lobopod_antennal_fans_11_near.glb remapped: res://assets/models/creature_remodel/r03/biota_lobopod_antennal_fans_11_near.glb
Loading resource: res://.godot/imported/biota_lobopod_antennal_fans_11_near.glb-ed9c5c49def11aa14a0313e1b926075f.scn remapped: res://.godot/imported/biota_lobopod_antennal_fans_11_near.glb-ed9c5c49def11aa14a0313e1b926075f.scn
Completed load for: 'res://assets/models/creature_remodel/r03/biota_lobopod_antennal_fans_11_near.glb' remapped 'res://assets/models/creature_remodel/r03/biota_lobopod_antennal_fans_11_near.glb' at thread 2
Loading resource: res://assets/models/creature_remodel/r03/biota_lobopod_antennal_fans_11_far.glb remapped: res://assets/models/creature_remodel/r03/biota_lobopod_antennal_fans_11_far.glb
Loading resource: res://.godot/imported/biota_lobopod_antennal_fans_11_far.glb-4e765201b4f45819f2ff49898225faab.scn remapped: res://.godot/imported/biota_lobopod_antennal_fans_11_far.glb-4e765201b4f45819f2ff49898225faab.scn
Completed load for: 'res://assets/models/creature_remodel/r03/biota_lobopod_antennal_fans_11_far.glb' remapped 'res://assets/models/creature_remodel/r03/biota_lobopod_antennal_fans_11_far.glb' at thread 2
Loading resource: res://assets/models/creature_remodel/r03/biota_lobopod_gills_05_near.glb remapped: res://assets/models/creature_remodel/r03/biota_lobopod_gills_05_near.glb
Loading resource: res://.godot/imported/biota_lobopod_gills_05_near.glb-1b028b64e33b11089a6aec38c41adcdb.scn remapped: res://.godot/imported/biota_lobopod_gills_05_near.glb-1b028b64e33b11089a6aec38c41adcdb.scn
Completed load for: 'res://assets/models/creature_remodel/r03/biota_lobopod_gills_05_near.glb' remapped 'res://assets/models/creature_remodel/r03/biota_lobopod_gills_05_near.glb' at thread 2
Loading resource: res://assets/models/creature_remodel/r03/biota_lobopod_gills_05_far.glb remapped: res://assets/models/creature_remodel/r03/biota_lobopod_gills_05_far.glb
Loading resource: res://.godot/imported/biota_lobopod_gills_05_far.glb-4d5d595c582a09ebdd9e6b083c1118ad.scn remapped: res://.godot/imported/biota_lobopod_gills_05_far.glb-4d5d595c582a09ebdd9e6b083c1118ad.scn
Completed load for: 'res://assets/models/creature_remodel/r03/biota_lobopod_gills_05_far.glb' remapped 'res://assets/models/creature_remodel/r03/biota_lobopod_gills_05_far.glb' at thread 2
Loading resource: res://assets/models/creature_remodel/r03/biota_lobopod_antennal_fans_11_near.glb remapped: res://assets/models/creature_remodel/r03/biota_lobopod_antennal_fans_11_near.glb
Loading resource: res://.godot/imported/biota_lobopod_antennal_fans_11_near.glb-ed9c5c49def11aa14a0313e1b926075f.scn remapped: res://.godot/imported/biota_lobopod_antennal_fans_11_near.glb-ed9c5c49def11aa14a0313e1b926075f.scn
Completed load for: 'res://assets/models/creature_remodel/r03/biota_lobopod_antennal_fans_11_near.glb' remapped 'res://assets/models/creature_remodel/r03/biota_lobopod_antennal_fans_11_near.glb' at thread 2
Loading resource: res://assets/models/creature_remodel/r03/biota_chain_gills_38_near.glb remapped: res://assets/models/creature_remodel/r03/biota_chain_gills_38_near.glb
Loading resource: res://.godot/imported/biota_chain_gills_38_near.glb-ddf7ed2672ea349a9459a3ce6317b9b4.scn remapped: res://.godot/imported/biota_chain_gills_38_near.glb-ddf7ed2672ea349a9459a3ce6317b9b4.scn
Completed load for: 'res://assets/models/creature_remodel/r03/biota_chain_gills_38_near.glb' remapped 'res://assets/models/creature_remodel/r03/biota_chain_gills_38_near.glb' at thread 2
Loading resource: res://assets/models/creature_remodel/r03/biota_chain_gills_38_far.glb remapped: res://assets/models/creature_remodel/r03/biota_chain_gills_38_far.glb
Loading resource: res://.godot/imported/biota_chain_gills_38_far.glb-4bf7a30310482fb67c5847e1a18dbe56.scn remapped: res://.godot/imported/biota_chain_gills_38_far.glb-4bf7a30310482fb67c5847e1a18dbe56.scn
Completed load for: 'res://assets/models/creature_remodel/r03/biota_chain_gills_38_far.glb' remapped 'res://assets/models/creature_remodel/r03/biota_chain_gills_38_far.glb' at thread 2
Loading resource: res://assets/models/creature_remodel/r05/biota_bilateral_mandibles_26_near.glb remapped: res://assets/models/creature_remodel/r05/biota_bilateral_mandibles_26_near.glb
Loading resource: res://.godot/imported/biota_bilateral_mandibles_26_near.glb-d0fe5c970d1651dfd676ce1ce3df8d6a.scn remapped: res://.godot/imported/biota_bilateral_mandibles_26_near.glb-d0fe5c970d1651dfd676ce1ce3df8d6a.scn
Completed load for: 'res://assets/models/creature_remodel/r05/biota_bilateral_mandibles_26_near.glb' remapped 'res://assets/models/creature_remodel/r05/biota_bilateral_mandibles_26_near.glb' at thread 2
Loading resource: res://assets/models/creature_remodel/r05/biota_bilateral_mandibles_26_far.glb remapped: res://assets/models/creature_remodel/r05/biota_bilateral_mandibles_26_far.glb
Loading resource: res://.godot/imported/biota_bilateral_mandibles_26_far.glb-a7ec5436f43addf8fb5050c22e6a9f02.scn remapped: res://.godot/imported/biota_bilateral_mandibles_26_far.glb-a7ec5436f43addf8fb5050c22e6a9f02.scn
Completed load for: 'res://assets/models/creature_remodel/r05/biota_bilateral_mandibles_26_far.glb' remapped 'res://assets/models/creature_remodel/r05/biota_bilateral_mandibles_26_far.glb' at thread 2
Loading resource: res://assets/models/creature_remodel/r06/bio_lithic_14_near.glb remapped: res://assets/models/creature_remodel/r06/bio_lithic_14_near.glb
Loading resource: res://.godot/imported/bio_lithic_14_near.glb-4da6d60c43821cf7489890d733a1694b.scn remapped: res://.godot/imported/bio_lithic_14_near.glb-4da6d60c43821cf7489890d733a1694b.scn
Completed load for: 'res://assets/models/creature_remodel/r06/bio_lithic_14_near.glb' remapped 'res://assets/models/creature_remodel/r06/bio_lithic_14_near.glb' at thread 2
Loading resource: res://assets/models/creature_remodel/r06/bio_lithic_14_far.glb remapped: res://assets/models/creature_remodel/r06/bio_lithic_14_far.glb
Loading resource: res://.godot/imported/bio_lithic_14_far.glb-718ec46e69c325951e5a0bd1a28537ef.scn remapped: res://.godot/imported/bio_lithic_14_far.glb-718ec46e69c325951e5a0bd1a28537ef.scn
Completed load for: 'res://assets/models/creature_remodel/r06/bio_lithic_14_far.glb' remapped 'res://assets/models/creature_remodel/r06/bio_lithic_14_far.glb' at thread 2
Loading resource: res://assets/models/creature_remodel/r03/biota_chain_gills_38_near.glb remapped: res://assets/models/creature_remodel/r03/biota_chain_gills_38_near.glb
Loading resource: res://.godot/imported/biota_chain_gills_38_near.glb-ddf7ed2672ea349a9459a3ce6317b9b4.scn remapped: res://.godot/imported/biota_chain_gills_38_near.glb-ddf7ed2672ea349a9459a3ce6317b9b4.scn
Completed load for: 'res://assets/models/creature_remodel/r03/biota_chain_gills_38_near.glb' remapped 'res://assets/models/creature_remodel/r03/biota_chain_gills_38_near.glb' at thread 2
Loading resource: res://assets/models/creature_remodel/r03/biota_chain_gills_38_far.glb remapped: res://assets/models/creature_remodel/r03/biota_chain_gills_38_far.glb
Loading resource: res://.godot/imported/biota_chain_gills_38_far.glb-4bf7a30310482fb67c5847e1a18dbe56.scn remapped: res://.godot/imported/biota_chain_gills_38_far.glb-4bf7a30310482fb67c5847e1a18dbe56.scn
Completed load for: 'res://assets/models/creature_remodel/r03/biota_chain_gills_38_far.glb' remapped 'res://assets/models/creature_remodel/r03/biota_chain_gills_38_far.glb' at thread 2
Loading resource: res://assets/models/creature_remodel/r03/biota_lobopod_gills_05_near.glb remapped: res://assets/models/creature_remodel/r03/biota_lobopod_gills_05_near.glb
Loading resource: res://.godot/imported/biota_lobopod_gills_05_near.glb-1b028b64e33b11089a6aec38c41adcdb.scn remapped: res://.godot/imported/biota_lobopod_gills_05_near.glb-1b028b64e33b11089a6aec38c41adcdb.scn
Completed load for: 'res://assets/models/creature_remodel/r03/biota_lobopod_gills_05_near.glb' remapped 'res://assets/models/creature_remodel/r03/biota_lobopod_gills_05_near.glb' at thread 2
Loading resource: res://assets/models/creature_remodel/r03/biota_lobopod_gills_05_far.glb remapped: res://assets/models/creature_remodel/r03/biota_lobopod_gills_05_far.glb
Loading resource: res://.godot/imported/biota_lobopod_gills_05_far.glb-4d5d595c582a09ebdd9e6b083c1118ad.scn remapped: res://.godot/imported/biota_lobopod_gills_05_far.glb-4d5d595c582a09ebdd9e6b083c1118ad.scn
Completed load for: 'res://assets/models/creature_remodel/r03/biota_lobopod_gills_05_far.glb' remapped 'res://assets/models/creature_remodel/r03/biota_lobopod_gills_05_far.glb' at thread 2
Loading resource: res://assets/models/biota/biota_plant_lithops_20_near.glb remapped: res://assets/models/biota/biota_plant_lithops_20_near.glb
Loading resource: res://.godot/imported/biota_plant_lithops_20_near.glb-c7734a98b9f83692abf6dd9980619ede.scn remapped: res://.godot/imported/biota_plant_lithops_20_near.glb-c7734a98b9f83692abf6dd9980619ede.scn
Completed load for: 'res://assets/models/biota/biota_plant_lithops_20_near.glb' remapped 'res://assets/models/biota/biota_plant_lithops_20_near.glb' at thread 2
Loading resource: res://assets/models/biota/biota_plant_lithops_20_far.glb remapped: res://assets/models/biota/biota_plant_lithops_20_far.glb
Loading resource: res://.godot/imported/biota_plant_lithops_20_far.glb-fda3439d5334356e31c0d186ea59ae52.scn remapped: res://.godot/imported/biota_plant_lithops_20_far.glb-fda3439d5334356e31c0d186ea59ae52.scn
Completed load for: 'res://assets/models/biota/biota_plant_lithops_20_far.glb' remapped 'res://assets/models/biota/biota_plant_lithops_20_far.glb' at thread 2
Loading resource: res://assets/models/creature_remodel/r03/biota_chain_gills_38_near.glb remapped: res://assets/models/creature_remodel/r03/biota_chain_gills_38_near.glb
Loading resource: res://.godot/imported/biota_chain_gills_38_near.glb-ddf7ed2672ea349a9459a3ce6317b9b4.scn remapped: res://.godot/imported/biota_chain_gills_38_near.glb-ddf7ed2672ea349a9459a3ce6317b9b4.scn
Completed load for: 'res://assets/models/creature_remodel/r03/biota_chain_gills_38_near.glb' remapped 'res://assets/models/creature_remodel/r03/biota_chain_gills_38_near.glb' at thread 0
Loading resource: res://assets/models/creature_remodel/r03/biota_chain_gills_38_far.glb remapped: res://assets/models/creature_remodel/r03/biota_chain_gills_38_far.glb
Loading resource: res://.godot/imported/biota_chain_gills_38_far.glb-4bf7a30310482fb67c5847e1a18dbe56.scn remapped: res://.godot/imported/biota_chain_gills_38_far.glb-4bf7a30310482fb67c5847e1a18dbe56.scn
Completed load for: 'res://assets/models/creature_remodel/r03/biota_chain_gills_38_far.glb' remapped 'res://assets/models/creature_remodel/r03/biota_chain_gills_38_far.glb' at thread 0
Loading resource: res://assets/audio/sfx_creature_call.wav remapped: res://assets/audio/sfx_creature_call.wav
Loading resource: res://.godot/imported/sfx_creature_call.wav-03bff8d99182282fa7fe407eb3cb23f6.sample remapped: res://.godot/imported/sfx_creature_call.wav-03bff8d99182282fa7fe407eb3cb23f6.sample
Completed load for: 'res://assets/audio/sfx_creature_call.wav' remapped 'res://assets/audio/sfx_creature_call.wav' at thread -1
PASS campaign movement input ready
PASS player grounded before jump
Loading resource: res://assets/audio/sfx_suit_jump.wav remapped: res://assets/audio/sfx_suit_jump.wav
Loading resource: res://.godot/imported/sfx_suit_jump.wav-f8444ee527ff62dc8212e818895d221f.sample remapped: res://.godot/imported/sfx_suit_jump.wav-f8444ee527ff62dc8212e818895d221f.sample
Completed load for: 'res://assets/audio/sfx_suit_jump.wav' remapped 'res://assets/audio/sfx_suit_jump.wav' at thread -1
PASS normal jump leaves terrain
PASS initial held Space remains a normal jump in campaign
PASS second held Space engages host thrust
Loading resource: res://assets/models/incidents/nest.glb remapped: res://assets/models/incidents/nest.glb
Loading resource: res://assets/models/incidents/gems.glb remapped: res://assets/models/incidents/gems.glb
Loading resource: res://.godot/imported/nest.glb-98e96c99bb64058299197bc835e865cf.scn remapped: res://.godot/imported/nest.glb-98e96c99bb64058299197bc835e865cf.scn
Loading resource: res://.godot/imported/gems.glb-1f8eb542e8a6370cafb7240a1cb0754f.scn remapped: res://.godot/imported/gems.glb-1f8eb542e8a6370cafb7240a1cb0754f.scn
Completed load for: 'res://assets/models/incidents/gems.glb' remapped 'res://assets/models/incidents/gems.glb' at thread 7
Completed load for: 'res://assets/models/incidents/nest.glb' remapped 'res://assets/models/incidents/nest.glb' at thread 0
Loading resource: res://assets/models/incidents/cargo.glb remapped: res://assets/models/incidents/cargo.glb
Loading resource: res://.godot/imported/cargo.glb-38ce481fc0bcedcc274fafbf6985bf4d.scn remapped: res://.godot/imported/cargo.glb-38ce481fc0bcedcc274fafbf6985bf4d.scn
Completed load for: 'res://assets/models/incidents/cargo.glb' remapped 'res://assets/models/incidents/cargo.glb' at thread 6
Loading resource: res://assets/models/incidents/beacon.glb remapped: res://assets/models/incidents/beacon.glb
Loading resource: res://.godot/imported/beacon.glb-688525f6bf6f9188e6e8c6436c209df4.scn remapped: res://.godot/imported/beacon.glb-688525f6bf6f9188e6e8c6436c209df4.scn
Completed load for: 'res://assets/models/incidents/beacon.glb' remapped 'res://assets/models/incidents/beacon.glb' at thread 7
Loading resource: res://assets/models/creature_remodel/r03/biota_saddle_antennal_fans_08_near.glb remapped: res://assets/models/creature_remodel/r03/biota_saddle_antennal_fans_08_near.glb
Loading resource: res://.godot/imported/biota_saddle_antennal_fans_08_near.glb-c287716aa4389206fac58842d1b547cb.scn remapped: res://.godot/imported/biota_saddle_antennal_fans_08_near.glb-c287716aa4389206fac58842d1b547cb.scn
Completed load for: 'res://assets/models/creature_remodel/r03/biota_saddle_antennal_fans_08_near.glb' remapped 'res://assets/models/creature_remodel/r03/biota_saddle_antennal_fans_08_near.glb' at thread -1
Loading cache for shader SceneForwardClusteredShaderRD, variant 0
Loading cache for shader SceneForwardClusteredShaderRD, variant 1
Loading cache for shader SceneForwardClusteredShaderRD, variant 2
Loading cache for shader SceneForwardClusteredShaderRD, variant 3
Loading cache for shader SceneForwardClusteredShaderRD, variant 4
Loading cache for shader SceneForwardClusteredShaderRD, variant 5
Loading cache for shader SceneForwardClusteredShaderRD, variant 6
Loading cache for shader SceneForwardClusteredShaderRD, variant 7
Loading resource: res://assets/models/equipment/gun_smg.glb remapped: res://assets/models/equipment/gun_smg.glb
Loading resource: res://.godot/imported/gun_smg.glb-a94b6f00097de583e185393e5788fd05.scn remapped: res://.godot/imported/gun_smg.glb-a94b6f00097de583e185393e5788fd05.scn
Completed load for: 'res://assets/models/equipment/gun_smg.glb' remapped 'res://assets/models/equipment/gun_smg.glb' at thread 7
Loading resource: res://assets/audio/sfx_wildlife_warning.wav remapped: res://assets/audio/sfx_wildlife_warning.wav
Loading resource: res://.godot/imported/sfx_wildlife_warning.wav-df3608aa73c7ce5280ab5d6c0aceb92b.sample remapped: res://.godot/imported/sfx_wildlife_warning.wav-df3608aa73c7ce5280ab5d6c0aceb92b.sample
Completed load for: 'res://assets/audio/sfx_wildlife_warning.wav' remapped 'res://assets/audio/sfx_wildlife_warning.wav' at thread -1
PASS real campaign player gains height
PASS confirmed jet thrust plays existing ElevenLabs SFX
PASS release stops campaign thrust
Loading resource: res://assets/audio/sfx_gun_carbine.wav remapped: res://assets/audio/sfx_gun_carbine.wav
Loading resource: res://.godot/imported/sfx_gun_carbine.wav-5f3e5dda14c758cc1a42cd2ca1e27c2b.sample remapped: res://.godot/imported/sfx_gun_carbine.wav-5f3e5dda14c758cc1a42cd2ca1e27c2b.sample
Completed load for: 'res://assets/audio/sfx_gun_carbine.wav' remapped 'res://assets/audio/sfx_gun_carbine.wav' at thread -1
FLIGHT_REQUEST { "ok": true, "error": "", "sequence": 4 }
FLIGHT_REQUEST { "ok": true, "error": "", "sequence": 5 }
Loading resource: res://assets/audio/sfx_gun_hit_organic.wav remapped: res://assets/audio/sfx_gun_hit_organic.wav
Loading resource: res://.godot/imported/sfx_gun_hit_organic.wav-78773e042b9d76f2b7b8a05c867d512c.sample remapped: res://.godot/imported/sfx_gun_hit_organic.wav-78773e042b9d76f2b7b8a05c867d512c.sample
Completed load for: 'res://assets/audio/sfx_gun_hit_organic.wav' remapped 'res://assets/audio/sfx_gun_hit_organic.wav' at thread -1
Loading resource: res://assets/audio/sfx_wildlife_hurt.wav remapped: res://assets/audio/sfx_wildlife_hurt.wav
Loading resource: res://.godot/imported/sfx_wildlife_hurt.wav-66f464711853dbe9165d6f52bec40c2e.sample remapped: res://.godot/imported/sfx_wildlife_hurt.wav-66f464711853dbe9165d6f52bec40c2e.sample
Completed load for: 'res://assets/audio/sfx_wildlife_hurt.wav' remapped 'res://assets/audio/sfx_wildlife_hurt.wav' at thread -1
Loading resource: res://assets/audio/sfx_suit_land.wav remapped: res://assets/audio/sfx_suit_land.wav
Loading resource: res://.godot/imported/sfx_suit_land.wav-71d527cb99c991d5023265936150281d.sample remapped: res://.godot/imported/sfx_suit_land.wav-71d527cb99c991d5023265936150281d.sample
Completed load for: 'res://assets/audio/sfx_suit_land.wav' remapped 'res://assets/audio/sfx_suit_land.wav' at thread -1
Loading resource: res://assets/audio/sfx_creature_call.wav remapped: res://assets/audio/sfx_creature_call.wav
Loading resource: res://.godot/imported/sfx_creature_call.wav-03bff8d99182282fa7fe407eb3cb23f6.sample remapped: res://.godot/imported/sfx_creature_call.wav-03bff8d99182282fa7fe407eb3cb23f6.sample
Completed load for: 'res://assets/audio/sfx_creature_call.wav' remapped 'res://assets/audio/sfx_creature_call.wav' at thread -1
FLIGHT_REQUEST { "ok": true, "error": "", "sequence": 6 }
FLIGHT_REQUEST { "ok": true, "error": "", "sequence": 7 }
Loading resource: res://assets/audio/sfx_wildlife_strike.wav remapped: res://assets/audio/sfx_wildlife_strike.wav
Loading resource: res://.godot/imported/sfx_wildlife_strike.wav-92b419884efc81f427d49627955224ed.sample remapped: res://.godot/imported/sfx_wildlife_strike.wav-92b419884efc81f427d49627955224ed.sample
Completed load for: 'res://assets/audio/sfx_wildlife_strike.wav' remapped 'res://assets/audio/sfx_wildlife_strike.wav' at thread -1
FLIGHT_REQUEST { "ok": true, "error": "", "sequence": 8 }
FLIGHT_REQUEST { "ok": true, "error": "", "sequence": 9 }
FLIGHT_REQUEST { "ok": true, "error": "", "sequence": 10 }
FLIGHT_REQUEST { "ok": true, "error": "", "sequence": 11 }
FLIGHT_REQUEST { "ok": true, "error": "", "sequence": 12 }
FLIGHT_REQUEST { "ok": true, "error": "", "sequence": 13 }
FLIGHT_REQUEST { "ok": true, "error": "", "sequence": 14 }
FLIGHT_REQUEST { "ok": true, "error": "", "sequence": 15 }
FLIGHT_REQUEST { "ok": true, "error": "", "sequence": 16 }
FLIGHT_REQUEST { "ok": true, "error": "", "sequence": 17 }
FLIGHT_REQUEST { "ok": true, "error": "", "sequence": 18 }
FLIGHT_REQUEST { "ok": true, "error": "", "sequence": 19 }
FLIGHT_REQUEST { "ok": true, "error": "", "sequence": 20 }
FLIGHT_REQUEST { "ok": true, "error": "", "sequence": 21 }
FLIGHT_REQUEST { "ok": true, "error": "", "sequence": 22 }
Loading resource: res://assets/audio/sfx_gun_down.wav remapped: res://assets/audio/sfx_gun_down.wav
Loading resource: res://.godot/imported/sfx_gun_down.wav-c980fed1b321d179811aaf9b4f20603c.sample remapped: res://.godot/imported/sfx_gun_down.wav-c980fed1b321d179811aaf9b4f20603c.sample
Completed load for: 'res://assets/audio/sfx_gun_down.wav' remapped 'res://assets/audio/sfx_gun_down.wav' at thread -1
PASS natural flight AI attacks in actual campaign
PASS equipped firearm defeats moving flier
PASS downed flying native stores its final position
PASS flight and equipment save closes
PASS backpack and downed flier reload
FLIGHT_JETPACK_PLAY 20 FAILURES 0
XR: Clearing primary interface
XR: Removed interface "Native mobile"
XR: Removed interface "OpenXR"
Freeing Default Tex_Blit Shader
MultiUmaBuffer 'RENDER_LIST_OPAQUE' used a total of 2 buffers. A large number may indicate a waste of VRAM and can be brought down by tweaking MAX_EXTRA_BUFFERS for this buffer.
MultiUmaBuffer 'RENDER_LIST_MOTION' used a total of 0 buffers. A large number may indicate a waste of VRAM and can be brought down by tweaking MAX_EXTRA_BUFFERS for this buffer.
MultiUmaBuffer 'RENDER_LIST_ALPHA' used a total of 2 buffers. A large number may indicate a waste of VRAM and can be brought down by tweaking MAX_EXTRA_BUFFERS for this buffer.
MultiUmaBuffer 'RENDER_LIST_SECONDARY' used a total of 1 buffers. A large number may indicate a waste of VRAM and can be brought down by tweaking MAX_EXTRA_BUFFERS for this buffer.
MultiUmaBuffer 'CANVAS_INSTANCE_DATA' used a total of 3 buffers. A large number may indicate a waste of VRAM and can be brought down by tweaking MAX_EXTRA_BUFFERS for this buffer.
Accessibility: window 0 adapter destroyed.
